관측시간,지역,PM2.5(μg/m³),PM10(μg/m³),아황산가스(ppm),오존(ppm),이산화질소(ppm),일산화질소(ppm)
201201,서울,,60,0.009,0.011,0.037,0.8
201202,서울,,50,0.007,0.015,0.035,0.7
201203,서울,,46,0.005,0.025,0.031,0.5
201204,서울,,51,0.005,0.026,0.034,0.5
201205,서울,,52,0.006,0.034,0.034,0.5
201206,서울,,40,0.005,0.036,0.025,0.4
201207,서울,,28,0.004,0.021,0.022,0.4
201208,서울,,22,0.003,0.024,0.019,0.4
201209,서울,,27,0.004,0.021,0.026,0.4
201210,서울,,33,0.004,0.017,0.031,0.5
201211,서울,,42,0.005,0.012,0.033,0.6
201212,서울,,41,0.006,0.011,0.037,0.7
201301,서울,,64,0.008,0.012,0.045,0.9
201302,서울,,45,0.006,0.018,0.038,0.6
201303,서울,,55,0.006,0.023,0.037,0.5
201304,서울,,52,0.006,0.031,0.034,0.5
201305,서울,,55,0.006,0.034,0.035,0.5
201306,서울,,40,0.005,0.033,0.03,0.4
201307,서울,,34,0.004,0.024,0.022,0.4
201308,서울,,35,0.004,0.027,0.024,0.4
201309,서울,,28,0.004,0.023,0.026,0.4
201310,서울,,29,0.004,0.017,0.03,0.4
201311,서울,,42,0.005,0.012,0.036,0.6
201312,서울,,55,0.007,0.009,0.043,0.8
201401,서울,,57,0.007,0.009,0.042,0.7
201402,서울,,57,0.006,0.016,0.039,0.6
201403,서울,,60,0.007,0.025,0.037,0.5
201404,서울,,58,0.006,0.028,0.04,0.5
201405,서울,,63,0.006,0.041,0.032,0.5
201406,서울,,38,0.005,0.037,0.026,0.4
201407,서울,,38,0.005,0.033,0.023,0.4
201408,서울,,29,0.004,0.025,0.024,0.4
201409,서울,,29,0.004,0.023,0.03,0.4
201410,서울,,33,0.005,0.017,0.035,0.4
201411,서울,,45,0.006,0.012,0.039,0.6
201412,서울,,44,0.006,0.012,0.034,0.7
201501,서울,25,49,0.007,0.011,0.037,0.7
201502,서울,30,84,0.007,0.016,0.036,0.7
201503,서울,30,71,0.007,0.022,0.04,0.6
201504,서울,21,45,0.005,0.028,0.033,0.5
201505,서울,22,45,0.006,0.033,0.032,0.4
201506,서울,20,35,0.005,0.038,0.025,0.4
201507,서울,19,30,0.005,0.027,0.021,0.4
201508,서울,22,34,0.005,0.029,0.023,0.4
201509,서울,16,28,0.004,0.025,0.027,0.4
201510,서울,24,44,0.005,0.019,0.035,0.5
201511,서울,21,33,0.005,0.012,0.034,0.6
201512,서울,28,48,0.006,0.009,0.039,0.7
201601,서울,27,50,0.006,0.014,0.035,0.6
201602,서울,23,45,0.006,0.018,0.034,0.6
201603,서울,32,64,0.006,0.025,0.038,0.6
201604,서울,30,71,0.005,0.031,0.036,0.5
201605,서울,29,56,0.005,0.039,0.031,0.5
201606,서울,28,46,0.005,0.037,0.028,0.4
201607,서울,21,33,0.004,0.025,0.024,0.4
201608,서울,22,34,0.004,0.03,0.023,0.4
201609,서울,23,37,0.004,0.027,0.026,0.5
201610,서울,20,38,0.004,0.018,0.029,0.5
201611,서울,28,52,0.005,0.014,0.035,0.6
201612,서울,30,48,0.005,0.009,0.036,0.7
201701,서울,32,53,0.005,0.035,0.035,0.7
201702,서울,28,46,0.005,0.018,0.035,0.6
201703,서울,39,60,0.005,0.038,0.038,0.6
201704,서울,26,56,0.005,0.035,0.031,0.5
201705,서울,24,63,0.005,0.039,0.028,0.4
201706,서울,22,41,0.004,0.041,0.024,0.4
201707,서울,22,33,0.004,0.03,0.023,0.4
201708,서울,13,21,0.004,0.024,0.021,0.4
201709,서울,19,32,0.004,0.027,0.027,0.5
201710,서울,15,29,0.004,0.02,0.027,0.5
201711,서울,22,42,0.005,0.014,0.033,0.6
201712,서울,32,50,0.005,0.011,0.034,0.7
201801,서울,32,52,0.006,0.014,0.035,0.6
201802,서울,30,53,0.005,0.018,0.034,0.6
201803,서울,34,52,0.005,0.026,0.033,0.6
201804,서울,26,52,0.004,0.031,0.031,0.5
201805,서울,23,42,0.004,0.034,0.025,0.4
201806,서울,24,37,0.004,0.035,0.024,0.4
201807,서울,16,24,0.004,0.024,0.019,0.4
201808,서울,10,22,0.004,0.03,0.017,0.4
201809,서울,14,20,0.003,0.027,0.019,0.4
201810,서울,15,28,0.004,0.018,0.028,0.5
201811,서울,28,52,0.005,0.011,0.039,0.7
201812,서울,24,43,0.005,0.012,0.035,0.6
201901,서울,38,66,0.005,0.012,0.039,0.8
201902,서울,35,57,0.005,0.018,0.036,0.7
201903,서울,45,69,0.005,0.028,0.034,0.6
201904,서울,21,41,0.004,0.029,0.029,0.5
201905,서울,29,52,0.005,0.043,0.028,0.5
201906,서울,20,29,0.004,0.039,0.02,0.4
201907,서울,19,26,0.004,0.031,0.018,0.4
201908,서울,16,25,0.004,0.03,0.018,0.4
201909,서울,12,21,0.003,0.024,0.021,0.4
201910,서울,15,31,0.003,0.021,0.025,0.5
201911,서울,20,40,0.004,0.013,0.034,0.6
201912,서울,28,42,0.004,0.011,0.035,0.7
202001,서울,29,42,0.004,0.014,0.034,0.7
202002,서울,28,41,0.003,0.018,0.032,0.6
202003,서울,25,45,0.003,0.027,0.027,0.5
202004,서울,21,44,0.003,0.036,0.021,0.4
202005,서울,19,35,0.003,0.034,0.02,0.4
202006,서울,21,36,0.003,0.044,0.019,0.4
202007,서울,13,21,0.002,0.031,0.016,0.4
202008,서울,14,23,0.003,0.019,0.014,0.3
202009,서울,11,19,0.003,0.028,0.016,0.4
202010,서울,17,33,0.003,0.022,0.025,0.5
202011,서울,24,42,0.003,0.015,0.03,0.6
202012,서울,27,42,0.004,0.014,0.032,0.6
202101,서울,21,38,0.004,0.015,0.031,0.6
202102,서울,29,48,0.003,0.022,0.03,0.6
202103,서울,32,67,0.003,0.025,0.032,0.5
202104,서울,19,42,0.003,0.037,0.022,0.4
202105,서울,20,61,0.003,0.036,0.019,0.4
202106,서울,19,33,0.003,0.041,0.018,0.4
202107,서울,15,24,0.003,0.038,0.016,0.3
202108,서울,13,22,0.003,0.034,0.015,0.4
202109,서울,7,15,0.003,0.031,0.014,0.4
202110,서울,13,27,0.003,0.022,0.022,0.4
202111,서울,26,45,0.003,0.018,0.031,0.6
202112,서울,23,39,0.003,0.014,0.031,0.6
202201,서울,29,43,0.004,0.016,0.032,0.6
202202,서울,26,40,0.003,0.026,0.026,0.5
202203,서울,21,41,0.003,0.028,0.026,0.5
202204,서울,22,45,0.003,0.043,0.02,0.4
202205,서울,17,33,0.003,0.049,0.015,0.4
202206,서울,12,22,0.002,0.036,0.013,0.3
202207,서울,16,25,0.003,0.037,0.014,0.3
202208,서울,11,20,0.003,0.03,0.013,0.3
202209,서울,11,22,0.003,0.031,0.016,0.4
202210,서울,14,25,0.003,0.023,0.02,0.4
202211,서울,22,39,0.003,0.018,0.028,0.5
202212,서울,19,38,0.003,0.015,0.028,0.5
202301,서울,26,48,0.0031,0.0158,0.0296,0.6
202302,서울,30,46,0.003,0.022,0.029,0.55
202303,서울,31,68,0.0032,0.0334,0.0269,0.52
202304,서울,21,63,0.0027,0.0381,0.0183,0.41
202305,서울,18,38,0.0029,0.0419,0.0168,0.38
202306,서울,17,28,0.0027,0.0483,0.0142,0.39
202307,서울,17,26,0.0027,0.0371,0.0135,0.36
202308,서울,13,21,0.0027,0.0346,0.0123,0.34
202309,서울,11,20,0.0026,0.0326,0.0137,0.38
202310,서울,15,28,0.0027,0.0264,0.0211,0.44
202311,서울,17,30,0.0027,0.0228,0.0216,0.46
202312,서울,21,36,0.0027,0.0176,0.0283,0.57
202401,서울,24,36,0.0029,0.0187,0.0278,0.58
202402,서울,23,33,0.0026,0.0247,0.0246,0.51
202403,서울,21,49,0.0026,0.0347,0.0212,0.41
202404,서울,22,50,0.0029,0.0425,0.0215,0.43
202405,서울,15,30,0.0027,0.0443,0.0156,0.35
202406,서울,18,31,0.0029,0.0548,0.0153,0.35
201201,부산,,45,0.009,0.022,0.02,0.4
201202,부산,,46,0.007,0.022,0.023,0.4
201203,부산,,47,0.005,0.033,0.021,0.4
201204,부산,,53,0.005,0.038,0.022,0.4
201205,부산,,58,0.006,0.041,0.024,0.4
201206,부산,,38,0.005,0.034,0.017,0.3
201207,부산,,40,0.004,0.026,0.019,0.4
201208,부산,,34,0.003,0.027,0.013,0.3
201209,부산,,35,0.004,0.032,0.018,0.4
201210,부산,,42,0.004,0.028,0.023,0.4
201211,부산,,47,0.005,0.022,0.022,0.5
201212,부산,,36,0.006,0.018,0.024,0.5
201301,부산,,56,0.008,0.022,0.027,0.5
201302,부산,,47,0.006,0.025,0.025,0.5
201303,부산,,66,0.006,0.034,0.024,0.5
201304,부산,,49,0.006,0.04,0.02,0.4
201305,부산,,62,0.006,0.04,0.024,0.4
201306,부산,,47,0.005,0.032,0.021,0.4
201307,부산,,47,0.004,0.024,0.017,0.3
201308,부산,,47,0.004,0.029,0.019,0.4
201309,부산,,33,0.004,0.028,0.015,0.4
201310,부산,,38,0.004,0.028,0.018,0.4
201311,부산,,43,0.005,0.023,0.02,0.4
201312,부산,,47,0.007,0.02,0.022,0.4
201401,부산,,57,0.007,0.021,0.024,0.5
201402,부산,,45,0.006,0.027,0.02,0.4
201403,부산,,50,0.007,0.033,0.02,0.4
201404,부산,,53,0.006,0.037,0.023,0.4
201405,부산,,71,0.006,0.043,0.021,0.4
201406,부산,,54,0.005,0.036,0.018,0.3
201407,부산,,48,0.005,0.029,0.017,0.3
201408,부산,,36,0.004,0.027,0.015,0.3
201409,부산,,39,0.004,0.03,0.016,0.3
201410,부산,,39,0.005,0.028,0.018,0.3
201411,부산,,47,0.006,0.02,0.024,0.4
201412,부산,,42,0.006,0.02,0.021,0.4
201501,부산,27,47,0.007,0.02,0.022,0.4
201502,부산,31,63,0.007,0.026,0.02,0.4
201503,부산,27,56,0.007,0.032,0.021,0.4
201504,부산,24,48,0.005,0.036,0.019,0.4
201505,부산,31,56,0.006,0.038,0.025,0.4
201506,부산,30,49,0.005,0.036,0.019,0.3
201507,부산,21,37*,0.005,0.028,0.016,0.3*
201508,부산,23,39*,0.005,0.033,0.018,0.3
201509,부산,16,29*,0.004,0.031,0.015,0.3
201510,부산,25,43*,0.005,0.028,0.021,0.4
201511,부산,23,33,0.005,0.02,0.023,0.4
201512,부산,29,41,0.006,0.018,0.025,0.5
201601,부산,33,45,0.006,0.022,0.024,0.5
201602,부산,29,46,0.006,0.027,0.023,0.4
201603,부산,32,52,0.006,0.031,0.026,0.4
201604,부산,29,60,0.005,0.038,0.024,0.4
201605,부산,31,53,0.005,0.045,0.023,0.4
201606,부산,27,39,0.005,0.036,0.019,0.4
201607,부산,17,29,0.004,0.025,0.017,0.3
201608,부산,21,36,0.004,0.036,0.015,0.4
201609,부산,21,36,0.004,0.03,0.016,0.3
201610,부산,21,37,0.004,0.025,0.018,0.4
201611,부산,31,49,0.005,0.02,0.024,0.4
201612,부산,30,44,0.005,0.018,0.026,0.5
201701,부산,31,45,0.005,0.024,0.024,0.4
201702,부산,27,42,0.005,0.031,0.021,0.4
201703,부산,34,52,0.005,0.022,0.022,0.4
201704,부산,27,54,0.005,0.042,0.021,0.4
201705,부산,29,58,0.005,0.044,0.021,0.4
201706,부산,26,42,0.004,0.041,0.018,0.3
201707,부산,23,37,0.004,0.028,0.017,0.3
201708,부산,16,28,0.004,0.027,0.013,0.3
201709,부산,23,39,0.004,0.033,0.017,0.3
201710,부산,16,32,0.004,0.03,0.016,0.3
201711,부산,27,50,0.005,0.023,0.025,0.4
201712,부산,28,46,0.005,0.02,0.023,0.4
201801,부산,28,45,0.006,0.021,0.022,0.4
201802,부산,30,52,0.005,0.027,0.022,0.4
201803,부산,26,44,0.005,0.034,0.021,0.4
201804,부산,28,63,0.004,0.039,0.019,0.3
201805,부산,24,44,0.004,0.039,0.018,0.3
201806,부산,25,41,0.004,0.038,0.019,0.3
201807,부산,23,37,0.004,0.026,0.016,0.3
201808,부산,14,28,0.004,0.025,0.012,0.3
201809,부산,14,26,0.003,0.031,0.014,0.3
201810,부산,17,32,0.004,0.028,0.019,0.4
201811,부산,26,47,0.005,0.02,0.027,0.4
201812,부산,23,40,0.005,0.019,0.023,0.4
201901,부산,29,48,0.005,0.023,0.024,0.4
201902,부산,28,48,0.005,0.029,0.022,0.4
201903,부산,30,51,0.005,0.039,0.02,0.4
201904,부산,20,40,0.004,0.037,0.019,0.4
201905,부산,25,47,0.005,0.048,0.021,0.4
201906,부산,21,32,0.004,0.038,0.016,0.4
201907,부산,18,26,0.004,0.028,0.015,0.3
201908,부산,19,30,0.004,0.03,0.014,0.4
201909,부산,13,24,0.003,0.028,0.015,0.3
201910,부산,13,27,0.003,0.029,0.017,0.3
201911,부산,17,35,0.004,0.023,0.023,0.4
201912,부산,23,35,0.004,0.018,0.026,0.5
202001,부산,21,32,0.004,0.023,0.021,0.4
202002,부산,22,34,0.003,0.027,0.02,0.4
202003,부산,16,33,0.003,0.034,0.016,0.4
202004,부산,17,36,0.003,0.044,0.014,0.4
202005,부산,17,32,0.003,0.041,0.014,0.4
202006,부산,15,27,0.003,0.04,0.015,0.4
202007,부산,10,18,0.002,0.028,0.014,0.3
202008,부산,19,31,0.003,0.026,0.011,0.3
202009,부산,13,24,0.003,0.035,0.012,0.4
202010,부산,15,30,0.003,0.033,0.017,0.4
202011,부산,17,31,0.003,0.023,0.02,0.4
202012,부산,21,33,0.004,0.022,0.02,0.4
202101,부산,19,36,0.004,0.025,0.019,0.4
202102,부산,21,37,0.003,0.031,0.018,0.4
202103,부산,21,60,0.003,0.036,0.017,0.4
202104,부산,15,37,0.003,0.043,0.015,0.3
202105,부산,16,36,0.003,0.041,0.014,0.3
202106,부산,15,26,0.003,0.041,0.014,0.3
202107,부산,9,18,0.003,0.028,0.01,0.2
202108,부산,10,19,0.003,0.034,0.011,0.3
202109,부산,8,17,0.003,0.036,0.01,0.3
202110,부산,12,23,0.003,0.031,0.015,0.3
202111,부산,18,34,0.003,0.027,0.021,0.4
202112,부산,19,31,0.003,0.021,0.021,0.4
202201,부산,21,31,0.004,0.024,0.021,0.4
202202,부산,19,30,0.003,0.035,0.016,0.4
202203,부산,21,38,0.003,0.037,0.018,0.4
202204,부산,16,32,0.003,0.041,0.016,0.3
202205,부산,17,31,0.003,0.05,0.015,0.3
202206,부산,10,19,0.002,0.034,0.01,0.3
202207,부산,12,20,0.003,0.031,0.012,0.3
202208,부산,10,19,0.003,0.03,0.011,0.3
202209,부산,10,20,0.003,0.034,0.01,0.3
202210,부산,11,21,0.003,0.032,0.013,0.3
202211,부산,19,33,0.003,0.027,0.019,0.3
202212,부산,18,30,0.003,0.022,0.017,0.3
202301,부산,21,37,0.0031,0.0236,0.0177,0.36
202302,부산,22,34,0.003,0.028,0.0187,0.37
202303,부산,23,56,0.0032,0.0387,0.0168,0.35
202304,부산,19,61,0.0027,0.0436,0.0118,0.3
202305,부산,17,32,0.0029,0.0423,0.0128,0.3
202306,부산,14,23,0.0027,0.0417,0.0124,0.32
202307,부산,12,19,0.0027,0.0264,0.0118,0.28
202308,부산,10,17,0.0027,0.0304,0.0092,0.27
202309,부산,9,16,0.0026,0.0303,0.0105,0.3
202310,부산,13,24,0.0027,0.034,0.0147,0.33
202311,부산,15,25,0.0027,0.0278,0.0162,0.33
202312,부산,20,31,0.0027,0.0253,0.0179,0.38
202401,부산,19,27,0.0029,0.0245,0.0182,0.38
202402,부산,15,22,0.0026,0.0314,0.0139,0.34
202403,부산,19,38,0.0026,0.0413,0.0134,0.34
202404,부산,21,54,0.0029,0.0403,0.0165,0.35
202405,부산,14,27,0.0027,0.0437,0.0134,0.31
202406,부산,16,26,0.0029,0.0424,0.0137,0.32
201201,대구,,51,0.007,0.016,0.028,0.6
201202,대구,,49,0.006,0.02,0.027,0.5
201203,대구,,48,0.005,0.032,0.023,0.5
201204,대구,,50,0.004,0.038,0.02,0.4
201205,대구,,49,0.004,0.04,0.02,0.4
201206,대구,,37,0.004,0.037,0.012,0.3
201207,대구,,34,0.003,0.028,0.012,0.4
201208,대구,,27,0.003,0.026,0.011,0.3
201209,대구,,31,0.003,0.025,0.018,0.4
201210,대구,,43,0.004,0.018,0.026,0.5
201211,대구,,48,0.005,0.015,0.026,0.5
201212,대구,,43,0.006,0.013,0.028,0.7
201301,대구,,65,0.008,0.015,0.034,0.7
201302,대구,,50,0.007,0.019,0.03,0.6
201303,대구,,60,0.005,0.029,0.027,0.5
201304,대구,,45,0.004,0.036,0.022,0.4
201305,대구,,52,0.004,0.042,0.019,0.4
201306,대구,,44,0.003,0.038,0.016,0.4
201307,대구,,32,0.003,0.026,0.012,0.4
201308,대구,,39,0.003,0.028,0.015,0.4
201309,대구,,31,0.002,0.024,0.017,0.4
201310,대구,,35,0.003,0.019,0.023,0.4
201311,대구,,42,0.003,0.014,0.029,0.5
201312,대구,,48,0.006,0.013,0.032,0.6
201401,대구,,60,0.008,0.014,0.038,0.7
201402,대구,,50,0.005,0.021,0.03,0.5
201403,대구,,50,0.004,0.028,0.026,0.5
201404,대구,,53,0.004,0.036,0.027,0.4
201405,대구,,60,0.004,0.046,0.022,0.4
201406,대구,,42,0.002,0.041,0.015,0.3
201407,대구,,38,0.003,0.032,0.015,0.3
201408,대구,,27,0.002,0.025,0.015,0.3
201409,대구,,33,0.003,0.026,0.017,0.3
201410,대구,,36,0.003,0.018,0.026,0.3
201411,대구,,49,0.004,0.012,0.034,0.5
201412,대구,,44,0.005,0.014,0.027,0.5
201501,대구,33,54,0.005,0.013,0.031,0.5
201502,대구,33,66,0.005,0.019,0.026,0.5
201503,대구,29,61,0.004,0.027,0.027,0.5
201504,대구,22,42,0.003,0.034,0.019,0.4
201505,대구,25,48,0.003,0.044,0.018,0.4
201506,대구,28,47,0.003,0.042,0.016,0.4
201507,대구,20,34,0.003,0.03,0.014,0.3
201508,대구,22*,37,0.003,0.031,0.016,0.3
201509,대구,15,30,0.002,0.025,0.017,0.3
201510,대구,25,43,0.003,0.023,0.022,0.4
201511,대구,22,34,0.003,0.014,0.022,0.4
201512,대구,31,51,0.004,0.011,0.026,0.6
201601,대구,30,49,0.004,0.015,0.027,0.6
201602,대구,25,45,0.004,0.022,0.023,0.5
201603,대구,29,52,0.004,0.028,0.023,0.4
201604,대구,25,60,0.004,0.035,0.02,0.4
201605,대구,26,48,0.004,0.042,0.017,0.3
201606,대구,24,39,0.003,0.037,0.014,0.3
201607,대구,19,29,0.003,0.028,0.012,0.3
201608,대구,17,28,0.003,0.033,0.012,0.3
201609,대구,20,33,0.003,0.025,0.016,0.3
201610,대구,20,35,0.003,0.018,0.019,0.4
201611,대구,31,52*,0.004*,0.013*,0.029*,0.5*
201612,대구,28,47,0.004,0.012,0.028,0.6
201701,대구,29,49,0.005,0.028,0.028,0.6
201702,대구,24,41,0.004,0.024,0.025,0.5
201703,대구,28,48,0.004,0.024,0.024,0.5
201704,대구,21,50,0.003,0.04,0.019,0.4
201705,대구,23,53,0.003,0.044,0.018,0.4
201706,대구,21,38,0.003,0.047,0.014,0.4
201707,대구,19,34,0.002,0.031,0.013,0.3
201708,대구,12,24,0.002,0.028,0.012,0.3
201709,대구,21*,36*,0.002*,0.029*,0.017*,0.4*
201710,대구,17*,32*,0.002*,0.020*,0.018*,0.4*
201711,대구,29,52,0.004,0.016,0.028,0.5
201712,대구,29,46,0.004,0.015,0.028,0.6
201801,대구,30,47,0.004,0.017,0.027,0.6
201802,대구,28,48,0.004,0.023,0.025,0.5
201803,대구,26,43,0.003,0.03,0.022,0.4
201804,대구,24,56,0.003,0.038,0.017,0.4
201805,대구,21,40,0.002,0.041,0.013,0.3
201806,대구,22,36,0.002,0.043,0.013,0.3
201807,대구,18,27,0.002,0.03,0.01,0.3
201808,대구,12,22,0.002,0.026,0.01,0.3
201809,대구,12,24,0.002,0.025,0.014,0.3
201810,대구,17,32,0.002,0.02,0.021,0.4
201811,대구,31,57,0.003,0.012,0.033,0.6
201812,대구,26,47,0.004,0.013,0.029,0.6
201901,대구,33,57,0.004,0.017,0.029,0.7
201902,대구,33,54,0.003,0.024,0.026,0.6
201903,대구,33,54,0.003,0.036,0.021,0.5
201904,대구,19,40,0.003,0.036,0.017,0.4
201905,대구,23,46,0.003,0.048,0.016,0.4
201906,대구,20,32,0.002,0.044,0.013,0.4
201907,대구,16,26,0.002,0.03,0.011,0.3
201908,대구,16,26,0.002,0.03,0.012,0.3
201909,대구,13,23,0.002,0.025,0.013,0.3
201910,대구,14,27,0.002,0.022,0.017,0.4
201911,대구,21,41,0.003,0.017,0.026,0.5
201912,대구,29,42,0.004,0.014,0.03,0.7
202001,대구,26,37,0.003,0.018,0.027,0.7
202002,대구,26,38,0.003,0.023,0.023,0.6
202003,대구,20,38,0.003,0.03,0.017,0.4
202004,대구,18,39,0.002,0.04,0.013,0.4
202005,대구,20,38,0.002,0.04,0.011,0.4
202006,대구,20,35,0.002,0.045,0.012,0.4
202007,대구,14,22,0.002,0.027,0.011,0.4
202008,대구,16,25,0.002,0.023,0.009,0.3
202009,대구,15,25,0.002,0.028,0.013,0.3
202010,대구,18,33,0.002,0.026,0.019,0.4
202011,대구,23,40,0.002,0.017,0.024,0.5
202012,대구,24,38,0.003,0.017,0.024,0.5
202101,대구,21,40,0.003,0.02,0.023,0.5
202102,대구,24,41,0.002,0.025,0.022,0.5
202103,대구,23,59,0.002,0.032,0.018,0.4
202104,대구,17,42,0.002,0.043,0.013,0.3
202105,대구,18,41,0.002,0.04,0.012,0.4
202106,대구,20,35,0.002,0.045,0.01,0.4
202107,대구,10,19,0.002,0.031,0.009,0.3
202108,대구,11,21,0.001,0.031,0.01,0.3
202109,대구,9,18,0.001,0.029,0.01,0.3
202110,대구,15,26,0.002,0.024,0.016,0.3
202111,대구,22,40,0.002,0.019,0.024,0.4
202112,대구,22,38,0.002,0.017,0.025,0.5
202201,대구,24,37,0.002,0.021,0.025,0.5
202202,대구,21,35,0.002,0.032,0.018,0.4
202203,대구,22,42,0.002,0.036,0.018,0.4
202204,대구,17,36,0.002,0.044,0.013,0.3
202205,대구,17,33,0.002,0.055,0.011,0.3
202206,대구,12,22,0.001,0.041,0.008,0.3
202207,대구,12,20,0.002,0.035,0.008,0.3
202208,대구,9,18,0.002,0.028,0.009,0.3
202209,대구,9,20,0.001,0.029,0.01,0.3
202210,대구,12,24,0.001,0.027,0.014,0.3
202211,대구,23,41,0.002,0.02,0.025,0.4
202212,대구,20,35,0.002,0.018,0.023,0.4
202301,대구,23,42,0.0026,0.0193,0.0243,0.47
202302,대구,27,42,0.0023,0.0245,0.0244,0.45
202303,대구,25,62,0.0022,0.0381,0.0193,0.38
202304,대구,20,67,0.0018,0.0417,0.011,0.31
202305,대구,17,34,0.0018,0.044,0.0103,0.3
202306,대구,14,25,0.0018,0.0453,0.0094,0.3
202307,대구,14,24,0.0017,0.0305,0.0089,0.31
202308,대구,10,18,0.0018,0.0291,0.0076,0.28
202309,대구,9,18,0.0017,0.0282,0.0097,0.31
202310,대구,14,27,0.0018,0.0265,0.016,0.34
202311,대구,17,30,0.0021,0.0237,0.0195,0.41
202312,대구,22,37,0.0021,0.0208,0.0218,0.46
202401,대구,22,34,0.0023,0.0215,0.0214,0.45
202402,대구,17,26,0.0019,0.0277,0.0163,0.42
202403,대구,18,41,0.0019,0.0379,0.0145,0.44
202404,대구,20,53,0.002,0.0418,0.0138,0.46
202405,대구,13,29,0.0021,0.0475,0.0101,0.35
202406,대구,15,27,0.0022,0.0502,0.0101,0.35
201201,인천,,63,0.011,0.016,0.03,0.8
201202,인천,,56,0.009,0.02,0.031,0.7
201203,인천,,55,0.008,0.027,0.028,0.5
201204,인천,,57,0.007,0.03,0.029,0.5
201205,인천,,64,0.009,0.036,0.033,0.5
201206,인천,,45,0.007,0.035,0.023,0.4
201207,인천,,30,0.005,0.021,0.02,0.4
201208,인천,,28,0.005,0.026,0.018,0.4
201209,인천,,35,0.005,0.026,0.025,0.5
201210,인천,,40,0.006,0.022,0.028,0.6
201211,인천,,49,0.007,0.015,0.029,0.7
201212,인천,,46,0.008,0.014,0.03,0.8
201301,인천,,63,0.01,0.015,0.036,1
201302,인천,,50,0.008,0.02,0.029,0.7
201303,인천,,58,0.008,0.026,0.029,0.6
201304,인천,,59,0.007,0.034,0.028,0.6
201305,인천,,60,0.008,0.037,0.03,0.5
201306,인천,,48,0.007,0.034,0.026,0.5
201307,인천,,39,0.005,0.026,0.017,0.5
201308,인천,,40,0.006,0.03,0.018,0.5
201309,인천,,35,0.006,0.026,0.024,0.5
201310,인천,,36,0.006,0.021,0.029,0.6
201311,인천,,46,0.007,0.016,0.032,0.7
201312,인천,,55,0.009,0.014,0.035,0.8
201401,인천,,58,0.01,0.014,0.036,0.8
201402,인천,,58,0.008,0.021,0.035,0.8
201403,인천,,58,0.008,0.03,0.03,0.6
201404,인천,,59,0.008,0.034,0.033,0.5
201405,인천,,67,0.008,0.043,0.026,0.5
201406,인천,,43,0.006,0.035,0.021,0.5
201407,인천,,41,0.006,0.033,0.02,0.5
201408,인천,,34,0.005,0.026,0.02,0.5
201409,인천,,36,0.006,0.025,0.026,0.5
201410,인천,,40,0.006,0.019,0.032,0.5
201411,인천,,47,0.007,0.016,0.032,0.7
201412,인천,,45,0.007,0.014,0.028,0.7
201501,인천,31,53,0.007,0.015,0.03,0.8
201502,인천,33,84,0.007,0.02,0.029,0.7
201503,인천,31,73,0.008,0.024,0.033,0.7
201504,인천,30,54,0.006,0.029,0.03,0.6
201505,인천,28,52,0.007,0.036,0.026,0.5
201506,인천,26,42,0.006,0.039,0.022,0.5
201507,인천,23,34*,0.005,0.029,0.018,0.4
201508,인천,27,42*,0.006,0.031,0.017,0.5
201509,인천,21,38*,0.005,0.028,0.022,0.5
201510,인천,31,53,0.006,0.024,0.026,0.6
201511,인천,31,41,0.005,0.014,0.028,0.7
201512,인천,38,54,0.007,0.012,0.033,0.8
201601,인천,29,49,0.007,0.017,0.026,0.7
201602,인천,25,46,0.007,0.021,0.026,0.6
201603,인천,35,65,0.007,0.026,0.031,0.6
201604,인천,31,72,0.007,0.031,0.031,0.5
201605,인천,29,58,0.007,0.041,0.025,0.5
201606,인천,25,48,0.006,0.037,0.021,0.5
201607,인천,19,35,0.006,0.025,0.018,0.4
201608,인천,20,37,0.005,0.029,0.017,0.5
201609,인천,25,41,0.005,0.029,0.022,0.5
201610,인천,21,42,0.005,0.02,0.025,0.6
201611,인천,29,55,0.006,0.017,0.027,0.7
201612,인천,29,47,0.006,0.013,0.028,0.8
201701,인천,31,52,0.006,0.027,0.027,0.8
201702,인천,26,47,0.006,0.023,0.026,0.7
201703,인천,37,62,0.007,0.03,0.03,0.7
201704,인천,27,58,0.006,0.035,0.025,0.6
201705,인천,27,63,0.006,0.038,0.022,0.5
201706,인천,24,42,0.005,0.037,0.018,0.4
201707,인천,23*,37,0.005,0.028,0.018,0.5
201708,인천,15,27*,0.004,0.025,0.019,0.4
201709,인천,22,38,0.005,0.03,0.022,0.5
201710,인천,17,33,0.004,0.024,0.022,0.5
201711,인천,23,41,0.005,0.017,0.026,0.6
201712,인천,28,45,0.006,0.014,0.031,0.6
201801,인천,29,48,0.006,0.017,0.029,0.7
201802,인천,27,49,0.006,0.022,0.027,0.6
201803,인천,32,49,0.005,0.027,0.029,0.6
201804,인천,24,46,0.005,0.032,0.027,0.5
201805,인천,21,40,0.004,0.034,0.023,0.5
201806,인천,22,34,0.005,0.034,0.022,0.4
201807,인천,16,26,0.004,0.021,0.017,0.4
201808,인천,12,25,0.004,0.031,0.016,0.4
201809,인천,15,24,0.004,0.029,0.019,0.4
201810,인천,16,33,0.004,0.022,0.026,0.5
201811,인천,29,55,0.005,0.016,0.035,0.7
201812,인천,24,45,0.005,0.016,0.03,0.6
201901,인천,33,62,0.006,0.017,0.032,0.7
201902,인천,31,55,0.006,0.023,0.029,0.7
201903,인천,41,67,0.005,0.033,0.028,0.6
201904,인천,20,43,0.005,0.033,0.026,0.5
201905,인천,26,51,0.006,0.046,0.023,0.5
201906,인천,17,29,0.004,0.041,0.017,0.4
201907,인천,19,31,0.004,0.032,0.015,0.4
201908,인천,18,30,0.004,0.037,0.015,0.4
201909,인천,14,28,0.004,0.026,0.021,0.5
201910,인천,16,35,0.004,0.024,0.023,0.5
201911,인천,19,41,0.005,0.017,0.031,0.6
201912,인천,25,40,0.005,0.015,0.031,0.7
202001,인천,27,42,0.005,0.02,0.028,0.7
202002,인천,23,37,0.004,0.023,0.027,0.6
202003,인천,21,41,0.004,0.032,0.023,0.5
202004,인천,16,39,0.004,0.041,0.017,0.5
202005,인천,15,31,0.004,0.039,0.017,0.5
202006,인천,17,32,0.003,0.044,0.016,0.4
202007,인천,14*,21,0.003,0.034,0.014,0.4
202008,인천,14,24,0.003,0.021,0.012,0.3
202009,인천,10,20,0.003,0.032,0.015,0.4
202010,인천,15,34,0.004,0.028,0.021,0.5
202011,인천,21,39,0.004,0.02,0.027,0.5
202012,인천,24,39,0.004,0.019,0.027,0.6
202101,인천,20,37,0.004,0.018,0.027,0.6
202102,인천,28,46,0.004,0.026,0.024,0.6
202103,인천,33,69,0.003,0.03,0.028,0.6
202104,인천,19,42,0.003,0.04,0.021,0.4
202105,인천,20,59,0.003,0.042,0.017,0.4
202106,인천,23,36,0.003,0.044,0.017,0.4
202107,인천,19,29,0.003,0.041,0.014,0.4
202108,인천,13,22,0.003,0.036,0.014,0.4
202109,인천,8,16,0.003,0.032,0.014,0.4
202110,인천,14,28,0.003,0.026,0.02,0.5
202111,인천,25,44,0.004,0.022,0.026,0.6
202112,인천,24,39,0.004,0.017,0.028,0.6
202201,인천,28,42,0.004,0.02,0.026,0.6
202202,인천,24,38,0.004,0.029,0.022,0.5
202203,인천,22,42,0.004,0.03,0.024,0.5
202204,인천,22,44,0.003,0.041,0.018,0.4
202205,인천,16,32,0.003,0.048,0.014,0.4
202206,인천,12,21,0.003,0.036,0.012,0.3
202207,인천,18,26,0.003,0.038,0.012,0.4
202208,인천,11,21,0.003,0.032,0.011,0.4
202209,인천,14,26,0.003,0.035,0.015,0.4
202210,인천,17,30,0.003,0.027,0.019,0.5
202211,인천,24,41,0.004,0.022,0.026,0.6
202212,인천,20,38,0.004,0.019,0.024,0.5
202301,인천,27,50,0.0037,0.0194,0.0267,0.6
202302,인천,31,48,0.0035,0.0266,0.0245,0.57
202303,인천,32,71,0.0036,0.0384,0.0239,0.52
202304,인천,24,68,0.0031,0.0411,0.0179,0.43
202305,인천,21,42,0.0032,0.0424,0.0171,0.41
202306,인천,18,29,0.0029,0.0485,0.0125,0.4
202307,인천,18,27,0.0029,0.0378,0.0117,0.37
202308,인천,14,23,0.003,0.0339,0.0114,0.39
202309,인천,13,23,0.003,0.0338,0.0134,0.4
202310,인천,17,31,0.0032,0.0309,0.018,0.48
202311,인천,19,34,0.0032,0.0258,0.0186,0.49
202312,인천,24,39,0.0034,0.0208,0.025,0.57
202401,인천,26,38,0.0036,0.0224,0.0236,0.59
202402,인천,24,35,0.0032,0.0272,0.0215,0.53
202403,인천,23,51,0.0031,0.0369,0.0184,0.45
202404,인천,23,51,0.0033,0.0417,0.021,0.47
202405,인천,16,31,0.0031,0.0428,0.0137,0.38
202406,인천,18,30,0.0031,0.0496,0.013,0.38
201201,광주,,45,0.005,0.017,0.025,0.7
201202,광주,,40,0.005,0.022,0.023,0.6
201203,광주,,45,0.004,0.032,0.021,0.5
201204,광주,,45,0.003,0.038,0.018,0.4
201205,광주,,56,0.004,0.042,0.018,0.5
201206,광주,,35,0.003,0.037,0.014,0.4
201207,광주,,24,0.003,0.025,0.011,0.4
201208,광주,,22,0.003,0.024,0.01,0.4
201209,광주,,32,0.003,0.029,0.016,0.4
201210,광주,,39,0.003,0.024,0.022,0.5
201211,광주,,43,0.005,0.019,0.024,0.6
201212,광주,,31,0.005,0.018,0.022,0.6
201301,광주,,52,0.006,0.02,0.028,0.8
201302,광주,,40,0.005,0.024,0.024,0.6
201303,광주,,59,0.005,0.033,0.022,0.6
201304,광주,,46,0.005,0.041,0.02,0.5
201305,광주,,57,0.004,0.043,0.018,0.5
201306,광주,,42,0.004,0.041,0.016,0.5
201307,광주,,33,0.004,0.028,0.01,0.4
201308,광주,,32,0.004,0.031,0.012,0.4
201309,광주,,33,0.004,0.031,0.017,0.4
201310,광주,,32,0.004,0.023,0.021,0.5
201311,광주,,39,0.005,0.018,0.025,0.6
201312,광주,,42,0.005,0.016,0.026,0.7
201401,광주,,52,0.006,0.017,0.028,0.7
201402,광주,,46,0.005,0.024,0.024,0.7
201403,광주,,49,0.004,0.031,0.023,0.6
201404,광주,,43,0.004,0.04,0.02,0.5
201405,광주,,64,0.004,0.048,0.015,0.4
201406,광주,,41,0.003,0.043,0.013,0.4
201407,광주,,29,0.003,0.032,0.012,0.4
201408,광주,,32,0.003,0.027,0.022,0.6
201409,광주,,31,0.004,0.021,0.028,0.5
201410,광주,,32,0.003,0.023,0.02,0.4
201411,광주,,37,0.004,0.018,0.025,0.6
201412,광주,,35,0.004,0.017,0.021,0.9
201501,광주,27,43,0.004,0.017,0.024,0.6
201502,광주,33,59,0.004,0.026,0.021,0.6
201503,광주,35,64,0.004,0.031,0.023,0.5
201504,광주,24,40,0.003,0.035,0.019,0.5
201505,광주,24,41,0.003,0.044,0.018,0.4
201506,광주,27,41,0.003,0.042,0.014,0.5
201507,광주,22,31*,0.003,0.032,0.011,0.4
201508,광주,22,29*,0.003,0.028,0.012,0.4
201509,광주,16*,25*,0.002*,0.031*,0.014*,0.3*
201510,광주,30,49*,0.002,0.028,0.021,0.4
201511,광주,25,35,0.002,0.014,0.025,0.5
201512,광주,27,42,0.003,0.014,0.026,0.6
201601,광주,26,39,0.003,0.02,0.024,0.6
201602,광주,24,44,0.004,0.029,0.021,0.6
201603,광주,29,52,0.003,0.033,0.022,0.5
201604,광주,29,64,0.003,0.039,0.018,0.4
201605,광주,27,49,0.003,0.046,0.016,0.4
201606,광주,23,35,0.002,0.039,0.013,0.4
201607,광주,15,23,0.002,0.03,0.011,0.3
201608,광주,17,28,0.002,0.037,0.014,0.4
201609,광주,21,31,0.002,0.03,0.014,0.4
201610,광주,18,32,0.003,0.019,0.019,0.5
201611,광주,26,44,0.003,0.018,0.024,0.6
201612,광주,26,40,0.003,0.016,0.025,0.6
201701,광주,30,47,0.003,0.023,0.023,0.5
201702,광주,23,35,0.003,0.029,0.022,0.5
201703,광주,33,49,0.003,0.025,0.025,0.5
201704,광주,26,54,0.002,0.041,0.018,0.4
201705,광주,24,56,0.003,0.042,0.017,0.4
201706,광주,22,35,0.002,0.044,0.015,0.4
201707,광주,16,24,0.002,0.031,0.011,0.3
201708,광주,15,24,0.002,0.03,0.012,0.4
201709,광주,22,34,0.002,0.033,0.015,0.4
201710,광주,20,33,0.002,0.024,0.017,0.4
201711,광주,31,50,0.003,0.017,0.026,0.6
201712,광주,28,44,0.003,0.017,0.024,0.6
201801,광주,28,45,0.003,0.02,0.024,0.6
201802,광주,31,50,0.003,0.026,0.024,0.6
201803,광주,32,48,0.002,0.033,0.019,0.6
201804,광주,25,56,0.002,0.036,0.016,0.5
201805,광주,21,40,0.002,0.039,0.013,0.4
201806,광주,27,41,0.002,0.041,0.011,0.4
201807,광주,15,26,0.003,0.022,0.009,0.4
201808,광주,14,24,0.003,0.027,0.008,0.4
201809,광주,13,25,0.002,0.029,0.013,0.4
201810,광주,20,34,0.003,0.024,0.019,0.5
201811,광주,36,59,0.003,0.015,0.03,0.7
201812,광주,26,43,0.003,0.018,0.024,0.6
201901,광주,33,53,0.003,0.021,0.025,0.6
201902,광주,34,57,0.003,0.028,0.02,0.6
201903,광주,39,63,0.002,0.036,0.022,0.5
201904,광주,20,43,0.002,0.036,0.019,0.4
201905,광주,22,50,0.003,0.048,0.017,0.4
201906,광주,25,40,0.002,0.039,0.014,0.4
201907,광주,17,29,0.002,0.029,0.011,0.3
201908,광주,17,31,0.003,0.031,0.011,0.4
201909,광주,15,27,0.003,0.027,0.012,0.4
201910,광주,18,35,0.003,0.025,0.017,0.4
201911,광주,20,43,0.003,0.021,0.023,0.5
201912,광주,22,33,0.003,0.019,0.025,0.6
202001,광주,27,36,0.003,0.022,0.021,0.6
202002,광주,21,32,0.003,0.027,0.018,0.5
202003,광주,18,35,0.003,0.033,0.015,0.4
202004,광주,17,38,0.003,0.043,0.013,0.4
202005,광주,18,31,0.002,0.041,0.01,0.4
202006,광주,18,31,0.002,0.04,0.009,0.3
202007,광주,9,15,0.002,0.028,0.008,0.3
202008,광주,14,22,0.003,0.021,0.006,0.3
202009,광주,13,21,0.003,0.029,0.011,0.3
202010,광주,17,31,0.003,0.028,0.016,0.4
202011,광주,20,32,0.003,0.021,0.019,0.5
202012,광주,24,33,0.003,0.018,0.022,0.5
202101,광주,22,37,0.003,0.021,0.021,0.5
202102,광주,25,40,0.002,0.028,0.019,0.5
202103,광주,27,65,0.003,0.036,0.016,0.5
202104,광주,18,39,0.003,0.045,0.013,0.5
202105,광주,20,50,0.003,0.047,0.009,0.4
202106,광주,18,29,0.003,0.048,0.009,0.4
202107,광주,10,16,0.003,0.033,0.007,0.4
202108,광주,10,17,0.003,0.03,0.008,0.5
202109,광주,8,15,0.003,0.035,0.009,0.5
202110,광주,15,25,0.003,0.031,0.013,0.5
202111,광주,21,34,0.003,0.024,0.021,0.6
202112,광주,23,34,0.003,0.022,0.021,0.6
202201,광주,23,32,0.003,0.025,0.02,0.5
202202,광주,24,34,0.003,0.036,0.017,0.5
202203,광주,21,38,0.003,0.037,0.016,0.4
202204,광주,17,34,0.003,0.042,0.013,0.4
202205,광주,16,29,0.003,0.05,0.011,0.3
202206,광주,12,20,0.002,0.04,0.007,0.3
202207,광주,12,18,0.003,0.036,0.006,0.3
202208,광주,9,16,0.003,0.029,0.007,0.3
202209,광주,12,21,0.003,0.031,0.011,0.3
202210,광주,14,25,0.003,0.03,0.014,0.4
202211,광주,21,34,0.003,0.024,0.021,0.5
202212,광주,20,33,0.003,0.021,0.022,0.5
202301,광주,23,47,0.0028,0.0233,0.0201,0.51
202302,광주,26,41,0.0026,0.028,0.0208,0.53
202303,광주,25,61,0.0026,0.0397,0.0178,0.49
202304,광주,21,60,0.0025,0.0434,0.0127,0.42
202305,광주,14,30,0.0026,0.0432,0.0107,0.36
202306,광주,12,22,0.0026,0.0466,0.0091,0.36
202307,광주,10,18,0.0026,0.0296,0.0072,0.31
202308,광주,11,18,0.0025,0.0323,0.0078,0.35
202309,광주,11,18,0.0025,0.032,0.0097,0.35
202310,광주,14,26,0.0027,0.0315,0.0136,0.39
202311,광주,15,26,0.0027,0.0266,0.0161,0.43
202312,광주,20,32,0.0028,0.0238,0.0195,0.53
202401,광주,17,28,0.0028,0.026,0.0192,0.55
202402,광주,18,28,0.0026,0.0307,0.0165,0.49
202403,광주,18,39,0.0025,0.0397,0.0154,0.43
202404,광주,16,40,0.0027,0.0409,0.0135,0.39
202405,광주,13,28,0.0027,0.0447,0.0108,0.34
202406,광주,12,23,0.0028,0.0455,0.0098,0.36
201201,대전,,51,0.007,0.013,0.023,0.7
201202,대전,,45,0.006,0.018,0.021,0.6
201203,대전,,46,0.004,0.029,0.02,0.5
201204,대전,,49,0.003,0.034,0.021,0.4
201205,대전,,53,0.003,0.042,0.019,0.4
201206,대전,,37,0.002,0.036,0.014,0.3
201207,대전,,27,0.002,0.027,0.013,0.3
201208,대전,,19,0.001,0.023,0.014,0.3
201209,대전,,28,0.002,0.025,0.019,0.4
201210,대전,,33,0.003,0.018,0.026,0.4
201211,대전,,44,0.004,0.015,0.028,0.5
201212,대전,,38,0.006,0.011,0.033,0.6
201301,대전,,58,0.007,0.013,0.036,0.8
201302,대전,,47,0.006,0.02,0.027,0.5
201303,대전,,54,0.004,0.028,0.023,0.4
201304,대전,,48,0.003,0.035,0.019,0.4
201305,대전,,53,0.003,0.039,0.018,0.3
201306,대전,,40,0.002,0.038,0.016,0.3
201307,대전,,28,0.002,0.026,0.01,0.3
201308,대전,,28,0.002,0.027,0.011,0.3
201309,대전,,29,0.002,0.023,0.018,0.3
201310,대전,,30,0.002,0.018,0.022,0.4
201311,대전,,39,0.004,0.013,0.026,0.5
201312,대전,,46,0.006,0.011,0.027,0.7
201401,대전,,56,0.008,0.011,0.031,0.8
201402,대전,,51,0.006,0.019,0.026,0.6
201403,대전,,50,0.005,0.027,0.022,0.5
201404,대전,,45,0.004,0.034,0.022,0.4
201405,대전,,59,0.003,0.05,0.016,0.4
201406,대전,,39,0.002,0.041,0.013,0.3
201407,대전,,31,0.002,0.033,0.012,0.3
201408,대전,,23,0.003,0.026,0.012,0.3
201409,대전,,27,0.003,0.026,0.014,0.4
201410,대전,,29,0.003,0.019,0.021,0.4
201411,대전,,39,0.004,0.012,0.026,0.6
201412,대전,,43,0.006,0.012,0.024,0.7
201501,대전,34,52,0.006,0.011,0.024,0.7
201502,대전,36,68,0.005,0.021,0.02,0.6
201503,대전,37,68,0.005,0.027,0.021,0.5
201504,대전,23,40,0.003,0.029,0.017,0.4
201505,대전,29,49,0.004,0.04,0.017,0.4
201506,대전,27,40,0.003,0.041,0.014,0.4
201507,대전,19,31*,0.002,0.031,0.011,0.3
201508,대전,20,32*,0.002,0.03,0.012,0.4
201509,대전,18,27,0.002,0.026,0.017,0.4
201510,대전,33,50,0.002,0.021,0.024,0.5
201511,대전,30,37,0.003,0.011,0.022,0.5
201512,대전,34,49,0.005,0.009,0.024,0.6
201601,대전,31,48,0.005,0.014,0.021,0.6
201602,대전,26,46,0.004,0.02,0.019,0.5
201603,대전,30,59,0.004,0.025,0.019,0.5
201604,대전,25,64,0.003,0.038,0.021,0.4
201605,대전,25,49,0.003,0.048,0.017,0.4
201606,대전,22,38,0.002,0.047,0.014,0.4
201607,대전,13,27,0.002,0.032,0.013,0.4
201608,대전,15,29,0.003,0.039,0.015,0.4
201609,대전,17,32,0.002,0.03,0.016,0.5
201610,대전,16,36,0.002,0.02,0.019,0.5
201611,대전,25,51,0.004,0.012,0.028,0.6
201612,대전,25,47,0.004,0.012,0.027,0.6
201701,대전,26,51,0.004,0.024,0.024,0.6
201702,대전,24,46,0.004,0.023,0.023,0.5
201703,대전,29,54,0.004,0.021,0.021,0.5
201704,대전,22,58,0.003,0.043,0.016,0.4
201705,대전,21,63,0.003,0.047,0.015,0.3
201706,대전,21,43,0.002,0.05,0.014,0.4
201707,대전,17,32,0.002,0.03,0.011,0.3
201708,대전,11,24,0.002,0.025,0.012,0.4
201709,대전,18,37,0.002,0.03,0.016,0.4
201710,대전,15,36,0.002,0.021,0.018,0.4
201711,대전,24,51,0.003,0.017,0.023,0.5
201712,대전,25,49,0.003,0.015,0.024,0.6
201801,대전,30,56,0.003,0.016,0.026,0.6
201802,대전,28,56,0.004,0.023,0.028,0.5
201803,대전,27,52,0.002,0.032,0.022,0.4
201804,대전,23,60,0.002,0.039,0.017,0.4
201805,대전,19,47,0.002,0.045,0.014,0.3
201806,대전,19,38,0.002,0.046,0.014,0.4
201807,대전,14,26,0.002,0.028,0.011,0.3
201808,대전,11,22,0.002,0.031,0.011,0.3
201809,대전,11,22,0.002,0.027,0.012,0.4
201810,대전,17,31,0.002,0.018,0.02,0.4
201811,대전,34,63,0.003,0.011,0.03,0.6
201812,대전,27,51,0.003,0.011,0.028,0.6
201901,대전,34,66,0.004,0.013,0.029,0.6
201902,대전,36,62,0.003,0.016,0.027,0.6
201903,대전,39,68,0.003,0.028,0.023,0.5
201904,대전,16,40,0.002,0.03,0.018,0.3
201905,대전,22,46,0.003,0.045,0.017,0.4
201906,대전,18,30,0.002,0.038,0.013,0.3
201907,대전,14,23,0.002,0.028,0.011,0.3
201908,대전,15,25,0.002,0.029,0.011,0.3
201909,대전,12,22,0.002,0.025,0.013,0.3
201910,대전,15,29,0.002,0.02,0.018,0.3
201911,대전,21,43,0.003,0.016,0.025,0.5
201912,대전,25,40,0.003,0.013,0.028,0.6
202001,대전,25,41,0.003,0.015,0.026,0.5
202002,대전,23,38,0.003,0.019,0.023,0.5
202003,대전,20,40,0.002,0.029,0.018,0.4
202004,대전,17,41,0.002,0.038,0.014,0.3
202005,대전,16,32,0.002,0.037,0.011,0.3
202006,대전,19,34,0.002,0.048,0.012,0.4
202007,대전,9,16,0.002,0.03,0.01,0.3
202008,대전,10,20,0.002,0.022,0.01,0.3
202009,대전,12,21,0.002,0.032,0.012,0.4
202010,대전,18,33,0.002,0.025,0.021,0.4
202011,대전,20,37,0.002,0.017,0.024,0.5
202012,대전,20,38,0.003,0.015,0.027,0.5
202101,대전,18,39,0.003,0.016,0.025,0.6
202102,대전,21,42,0.003,0.027,0.02,0.6
202103,대전,23,63,0.003,0.029,0.021,0.5
202104,대전,15,41,0.003,0.04,0.015,0.4
202105,대전,18,56,0.003,0.04,0.012,0.4
202106,대전,18,31,0.003,0.043,0.012,0.4
202107,대전,9,16,0.003,0.031,0.009,0.4
202108,대전,11*,18*,0.003,0.033,0.011,0.4
202109,대전,8,15,0.003,0.033,0.011,0.4
202110,대전,15,27,0.003,0.024,0.018,0.4
202111,대전,19,38,0.004,0.021,0.024,0.5
202112,대전,21,40,0.004,0.018,0.025,0.6
202201,대전,25,45,0.004,0.019,0.027,0.6
202202,대전,24,40,0.004,0.03,0.022,0.5
202203,대전,24,44,0.004,0.032,0.021,0.5
202204,대전,18,39,0.003,0.042,0.016,0.4
202205,대전,15,31,0.004,0.05,0.013,0.4
202206,대전,10,21,0.003,0.041,0.01,0.4
202207,대전,12,20,0.003,0.035,0.01,0.4
202208,대전,8,15,0.002,0.027,0.01,0.3
202209,대전,10,19,0.003,0.028,0.012,0.3
202210,대전,14,24,0.002,0.023,0.017,0.4
202211,대전,24,39,0.003,0.018,0.025,0.5
202212,대전,21,35,0.003,0.015,0.025,0.5
202301,대전,23,44,0.0028,0.0172,0.0243,0.47
202302,대전,30,46,0.003,0.0235,0.0242,0.47
202303,대전,28,64,0.003,0.0365,0.0211,0.41
202304,대전,22,68,0.0025,0.0395,0.0137,0.36
202305,대전,16,34,0.0024,0.0405,0.0131,0.32
202306,대전,15,25,0.0026,0.0476,0.0103,0.3
202307,대전,13,21,0.0024,0.0299,0.0103,0.3
202308,대전,13,21,0.0025,0.0319,0.0097,0.34
202309,대전,11,19,0.0024,0.0293,0.0115,0.33
202310,대전,14,26,0.0025,0.0271,0.0162,0.34
202311,대전,15,27,0.0026,0.024,0.0187,0.36
202312,대전,21,34,0.0029,0.0199,0.0234,0.48
202401,대전,21,34,0.0028,0.0195,0.0218,0.48
202402,대전,18,29,0.0025,0.0256,0.0179,0.41
202403,대전,19,42,0.0027,0.0368,0.0164,0.36
202404,대전,17,45,0.0028,0.0417,0.0148,0.35
202405,대전,14,28,0.0027,0.0425,0.012,0.29
202406,대전,15,27,0.0026,0.0487,0.0111,0.31
201201,울산,,48,0.007,0.02,0.023,0.7
201202,울산,,47,0.006,0.021,0.024,0.6
201203,울산,,49,0.006,0.03,0.024,0.6
201204,울산,,59,0.009,0.035,0.026,0.6
201205,울산,,60,0.009,0.039,0.026,0.6
201206,울산,,40,0.009,0.031,0.019,0.4
201207,울산,,49,0.011,0.026,0.022,0.5
201208,울산,,36,0.007,0.024,0.015,0.4
201209,울산,,36,0.006,0.029,0.019,0.4
201210,울산,,44,0.006,0.024,0.026,0.5
201211,울산,,45,0.007,0.021,0.025,0.5
201212,울산,,34,0.006,0.018,0.026,0.6
201301,울산,,54,0.008,0.022,0.029,0.7
201302,울산,,46,0.007,0.025,0.026,0.6
201303,울산,,64,0.008,0.032,0.027,0.6
201304,울산,,46,0.007,0.038,0.023,0.5
201305,울산,,59,0.011,0.038,0.027,0.5
201306,울산,,49,0.013,0.03,0.024,0.4
201307,울산,,44,0.011,0.027,0.019,0.4
201308,울산,,49,0.011,0.033,0.022,0.5
201309,울산,,32,0.007,0.027,0.017,0.4
201310,울산,,36,0.006,0.026,0.02,0.4
201311,울산,,41,0.006,0.021,0.024,0.5
201312,울산,,45,0.006,0.018,0.026,0.6
201401,울산,,55,0.008,0.02,0.028,0.6
201402,울산,,45,0.007,0.025,0.024,0.6
201403,울산,,49,0.007,0.031,0.025,0.5
201404,울산,,56,0.01,0.036,0.029,0.5
201405,울산,,67,0.01,0.042,0.026,0.5
201406,울산,,48,0.009,0.035,0.02,0.4
201407,울산,,45,0.009,0.029,0.021,0.5
201408,울산,,32,0.007,0.027,0.018,0.4
201409,울산,,35,0.006,0.027,0.016,0.4
201410,울산,,39,0.006,0.025,0.021,0.4
201411,울산,,46,0.006,0.018,0.027,0.6
201412,울산,,38,0.006,0.018,0.023,0.5
201501,울산,27,46,0.006,0.019,0.025,0.6
201502,울산,32,64,0.006,0.024,0.024,0.6
201503,울산,29,59,0.008,0.029,0.026,0.6
201504,울산,25,49,0.008,0.034,0.024,0.5
201505,울산,31,57,0.012,0.04,0.028,0.5
201506,울산,30,50,0.01,0.035,0.023,0.5
201507,울산,22,38,0.009,0.027,0.018,0.5
201508,울산,24,38*,0.009,0.034,0.018,0.5
201509,울산,13,28*,0.006,0.029,0.015,0.4
201510,울산,22,43*,0.006,0.026,0.022,0.5
201511,울산,18,31,0.005,0.019,0.022,0.5
201512,울산,23,39,0.005,0.016,0.025,0.6
201601,울산,24,43,0.005,0.02,0.026,0.6
201602,울산,21,42,0.006,0.026,0.023,0.5
201603,울산,28,50,0.007,0.028,0.026,0.5
201604,울산,27,61,0.008,0.035,0.024,0.5
201605,울산,29,57,0.009,0.041,0.024,0.5
201606,울산,25,41,0.009,0.034,0.022,0.5
201607,울산,19,32,0.009,0.025,0.019,0.4
201608,울산,16,32,0.006,0.033,0.015,0.4
201609,울산,20,35,0.006,0.027,0.018,0.4
201610,울산,18,37,0.005,0.023,0.019,0.4
201611,울산,27,48,0.005,0.019,0.026,0.6
201612,울산,24,40,0.004,0.018,0.026,0.6
201701,울산,26,42,0.004,0.024,0.024,0.6
201702,울산,23,39,0.005,0.028,0.023,0.6
201703,울산,33,51,0.005,0.025,0.025,0.6
201704,울산,27,55,0.007,0.042,0.024,0.6
201705,울산,31,64,0.008,0.041,0.026,0.5
201706,울산,28,44,0.008,0.039,0.02,0.5
201707,울산,27,41,0.009,0.031,0.019,0.6
201708,울산,16,27,0.006,0.027,0.012,0.5
201709,울산,22,36,0.005,0.032,0.017,0.5
201710,울산,15,29,0.004,0.028,0.016,0.5
201711,울산,25,46,0.004,0.022,0.028,0.7
201712,울산,24,38,0.004,0.021,0.025,0.6
201801,울산,25,40,0.004,0.023,0.024,0.6
201802,울산,27,47,0.005,0.03,0.024,0.6
201803,울산,23,40,0.006,0.033,0.023,0.6
201804,울산,26,64,0.007,0.036,0.021,0.5
201805,울산,24,45,0.007,0.035,0.019,0.5
201806,울산,29,42,0.008,0.033,0.02,0.5
201807,울산,27,39,0.009,0.028,0.017,0.5
201808,울산,16,25,0.006,0.023,0.013,0.4
201809,울산,14,26,0.004,0.031,0.013,0.5
201810,울산,19,31,0.004,0.027,0.018,0.5
201811,울산,29,47,0.004,0.021,0.027,0.6
201812,울산,19,35,0.004,0.021,0.022,0.5
201901,울산,26,45,0.004,0.025,0.024,0.6
201902,울산,26,46,0.004,0.03,0.022,0.6
201903,울산,29,49,0.005,0.039,0.022,0.5
201904,울산,19,40,0.006,0.037,0.021,0.5
201905,울산,26,49,0.007,0.047,0.024,0.5
201906,울산,22,34,0.007,0.038,0.019,0.5
201907,울산,19,29,0.006,0.028,0.016,0.4
201908,울산,18,30,0.006,0.029,0.014,0.5
201909,울산,13,25,0.005,0.027,0.015,0.4
201910,울산,11,27,0.004,0.029,0.016,0.4
201911,울산,15,34,0.004,0.023,0.022,0.5
201912,울산,20,33,0.004,0.02,0.025,0.5
202001,울산,19,30,0.004,0.025,0.021,0.5
202002,울산,19,31,0.004,0.028,0.021,0.6
202003,울산,17,34,0.004,0.035,0.018,0.5
202004,울산,17,36,0.004,0.043,0.016,0.4
202005,울산,19,36,0.005,0.041,0.015,0.4
202006,울산,19,32,0.006,0.039,0.018,0.4
202007,울산,12,20,0.004,0.028,0.015,0.4
202008,울산,17,28,0.004,0.026,0.013,0.5
202009,울산,14,25,0.003,0.034,0.014,0.5
202010,울산,15,30,0.003,0.034,0.017,0.5
202011,울산,17,31,0.003,0.024,0.022,0.5
202012,울산,19,30,0.003,0.025,0.023,0.5
202101,울산,17,34,0.003,0.026,0.022,0.5
202102,울산,21,35,0.004,0.034,0.021,0.5
202103,울산,20,55,0.004,0.037,0.02,0.4
202104,울산,16,37,0.004,0.042,0.018,0.4
202105,울산,17,35,0.004,0.041,0.017,0.4
202106,울산,17,28,0.004,0.04,0.016,0.4
202107,울산,10,17,0.003,0.027,0.013,0.4
202108,울산,11,20,0.003,0.032,0.013,0.4
202109,울산,8,16,0.002,0.033,0.011,0.4
202110,울산,12,22,0.003,0.032,0.015,0.4
202111,울산,17,32,0.003,0.028,0.021,0.4
202112,울산,17,29,0.003,0.024,0.021,0.4
202201,울산,18,29,0.003,0.027,0.022,0.4
202202,울산,18,29,0.003,0.036,0.018,0.4
202203,울산,20,39,0.003,0.039,0.019,0.4
202204,울산,16,34,0.004,0.043,0.018,0.4
202205,울산,19,34,0.004,0.051,0.017,0.4
202206,울산,12,21,0.004,0.035,0.013,0.4
202207,울산,12,21,0.004,0.03,0.014,0.4
202208,울산,14,23,0.003,0.031,0.013,0.4
202209,울산,12,24,0.003,0.034,0.012,0.4
202210,울산,12,25,0.003,0.032,0.014,0.4
202211,울산,19,35,0.003,0.029,0.02,0.5
202212,울산,18,31,0.003,0.025,0.018,0.5
202301,울산,20,37,0.003,0.027,0.0194,0.51
202302,울산,23,35,0.0033,0.0308,0.02,0.51
202303,울산,24,58,0.0036,0.0396,0.0198,0.51
202304,울산,21,64,0.0033,0.0417,0.0146,0.45
202305,울산,19,36,0.0037,0.0412,0.0155,0.43
202306,울산,18,28,0.0041,0.0408,0.0153,0.44
202307,울산,18,27,0.0046,0.0278,0.0146,0.45
202308,울산,13,21,0.0038,0.0282,0.0116,0.44
202309,울산,11,20,0.003,0.0307,0.0119,0.44
202310,울산,15,26,0.0028,0.0341,0.0158,0.45
202311,울산,15,28,0.0029,0.0292,0.0172,0.47
202312,울산,17,32,0.0027,0.0274,0.0183,0.5
202401,울산,16,27,0.0028,0.0269,0.0189,0.47
202402,울산,14,24,0.0029,0.033,0.0151,0.45
202403,울산,17,40,0.0029,0.0417,0.0148,0.45
202404,울산,24,61,0.0039,0.039,0.0194,0.47
202405,울산,15,31,0.0037,0.0416,0.0158,0.38
202406,울산,20,34,0.0045,0.0421,0.0175,0.41
201201,수원,,61,0.009,0.011,0.044,0.9
201202,수원,,53,0.007,0.014,0.042,0.8
201203,수원,,54,0.005,0.024,0.035,0.6
201204,수원,,54,0.005,0.03,0.033,0.6
201205,수원,,59,0.006,0.036,0.037,0.6
201206,수원,,43,0.005,0.037,0.028,0.5
201207,수원,,31,0.004,0.023,0.022,0.5
201208,수원,,25,0.003,0.026,0.021,0.5
201209,수원,,34,0.003,0.021,0.033,0.5
201210,수원,,39,0.005,0.017,0.038,0.6
201211,수원,,50,0.006,0.012,0.039,0.7
201212,수원,,47,0.007,0.009,0.044,0.8
201301,수원,,69,0.009,0.01,0.05,1
201302,수원,,51,0.007,0.015,0.039,0.7
201303,수원,,63,0.006,0.022,0.038,0.6
201304,수원,,59,0.005,0.033,0.034,0.6
201305,수원,,61,0.006,0.036,0.034,0.6
201306,수원,,47,0.006,0.035,0.033,0.6
201307,수원,,37,0.004,0.027,0.018,0.5
201308,수원,,40,0.004,0.027,0.023,0.5
201309,수원,,34,0.004,0.022,0.031,0.5
201310,수원,,35,0.004,0.017,0.035,0.5
201311,수원,,49,0.006,0.011,0.038,0.7
201312,수원,,59,0.008,0.009,0.044,0.9
201401,수원,,65,0.008,0.008,0.046,0.9
201402,수원,,63,0.007,0.013,0.044,0.8
201403,수원,,62,0.007,0.024,0.036,0.7
201404,수원,,63,0.006,0.028,0.039,0.7
201405,수원,,68,0.006,0.041,0.029,0.6
201406,수원,,44,0.005,0.038,0.025,0.5
201407,수원,,41,0.005,0.035,0.023,0.6
201408,수원,,31,0.004,0.026,0.024,0.6
201409,수원,,32,0.004,0.023,0.031,0.6
201410,수원,,37,0.004,0.017,0.037,0.6
201411,수원,,48,0.006,0.011,0.045,0.8
201412,수원,,46,0.006,0.01,0.039,0.8
201501,수원,29,53,0.007,0.01,0.042,0.8
201502,수원,34,79,0.007,0.016,0.037,0.8
201503,수원,33,70,0.007,0.022,0.042,0.7
201504,수원,23,45,0.005,0.028,0.034,0.6
201505,수원,24,47,0.006,0.036,0.031,0.5
201506,수원,22,37,0.005,0.041,0.026,0.5
201507,수원,19,29*,0.004,0.03,0.021,0.5
201508,수원,22,37,0.004,0.031,0.025,0.5
201509,수원,17,32*,0.004,0.028,0.029,0.5
201510,수원,26*,56,0.004,0.017,0.038,0.6
201511,수원,23*,41,0.004,0.011,0.038,0.7
201512,수원,28*,54,0.006,0.008,0.044,0.8
201601,수원,27*,52,0.006,0.011,0.039,0.8
201602,수원,24*,49,0.005,0.016,0.035,0.7
201603,수원,31*,69,0.005,0.023,0.036,0.6
201604,수원,30*,76,0.004,0.031,0.034,0.6
201605,수원,27,59,0.004,0.039,0.03,0.6
201606,수원,25,49,0.004,0.04,0.025,0.6
201607,수원,20,33,0.004,0.026,0.022,0.5
201608,수원,23,40,0.004,0.032,0.025,0.5
201609,수원,25,43,0.003,0.025,0.03,0.6
201610,수원,21,44,0.003,0.015,0.034,0.6
201611,수원,29,61,0.004,0.012,0.038,0.7
201612,수원,29,55,0.004,0.008,0.041,0.8
201701,수원,33,61,0.005,0.041,0.041,0.8
201702,수원,28,52,0.005,0.016,0.038,0.7
201703,수원,40,70,0.006,0.042,0.042,0.7
201704,수원,28,63,0.004,0.031,0.031,0.6
201705,수원,28,69,0.004,0.036,0.028,0.5
201706,수원,25,43,0.004,0.038,0.023,0.5
201707,수원,24,37*,0.003*,0.028*,0.020*,0.5*
201708,수원,13,24,0.003,0.023,0.022,0.5
201709,수원,21,36,0.003,0.025,0.03,0.5
201710,수원,16,31,0.003,0.018,0.031,0.5
201711,수원,23,44,0.003,0.014,0.036,0.6
201712,수원,30,44,0.004,0.01,0.037,0.7
201801,수원,31,48,0.004,0.012,0.039,0.8
201802,수원,29,51,0.004,0.017,0.037,0.7
201803,수원,33,52,0.004,0.026,0.031,0.6
201804,수원,26,52,0.003,0.031,0.028,0.5
201805,수원,21,45,0.003,0.037,0.024,0.5
201806,수원,24,39,0.004,0.037,0.024,0.5
201807,수원,17,27,0.004,0.028,0.017,0.4
201808,수원,11,26,0.003,0.031,0.017,0.5
201809,수원,15,21,0.002,0.025,0.021,0.5
201810,수원,18,31,0.003,0.017,0.033,0.6
201811,수원,34,56,0.003,0.01,0.046,0.7
201812,수원,25,44,0.004,0.01,0.04,0.7
201901,수원,39,66,0.004,0.01,0.045,0.8
201902,수원,36,58,0.004,0.015,0.039,0.7
201903,수원,46,69,0.004,0.025,0.034,0.7
201904,수원,20,41,0.003,0.03,0.029,0.5
201905,수원,28,53,0.004,0.049,0.026,0.6
201906,수원,19,30,0.003,0.044,0.02,0.5
201907,수원,18,30,0.003,0.033,0.015,0.5
201908,수원,18,30,0.003,0.036,0.018,0.5
201909,수원,13,24,0.003,0.024,0.021,0.5
201910,수원,16,32,0.002,0.019,0.026,0.6
201911,수원,21,42,0.003,0.012,0.035,0.6
201912,수원,29,43,0.003,0.008,0.038,0.7
202001,수원,30,44,0.003,0.011,0.037,0.7
202002,수원,28,42,0.003,0.016,0.033,0.6
202003,수원,25,47,0.003,0.024,0.027,0.6
202004,수원,19,43,0.003,0.038,0.019,0.5
202005,수원,18,37,0.002,0.039,0.019,0.5
202006,수원,21,42,0.003,0.047,0.018,0.5
202007,수원,13,25,0.002,0.033,0.015,0.5
202008,수원,14,27,0.002,0.022,0.012,0.4
202009,수원,11,23,0.002,0.031,0.017,0.5
202010,수원,18,39,0.003,0.022,0.029,0.5
202011,수원,24,45,0.003,0.015,0.034,0.6
202012,수원,26,44,0.003,0.013,0.036,0.6
202101,수원,21,41,0.003,0.014,0.033,0.6
202102,수원,30,52,0.003,0.022,0.031,0.6
202103,수원,33,75,0.003,0.027,0.032,0.6
202104,수원,17,48,0.003,0.039,0.023,0.4
202105,수원,19,70,0.002,0.041,0.019,0.4
202106,수원,19,38,0.002,0.044,0.018,0.5
202107,수원,15,28,0.002,0.039,0.015,0.4
202108,수원,12,25,0.002,0.035,0.015,0.5
202109,수원,7,18,0.002,0.032,0.014,0.5
202110,수원,13,32,0.002,0.022,0.024,0.5
202111,수원,23,46,0.003,0.018,0.033,0.6
202112,수원,22,40,0.003,0.013,0.034,0.6
202201,수원,28,43,0.003,0.014,0.037,0.6
202202,수원,25,41,0.002,0.025,0.03,0.5
202203,수원,23,45,0.002,0.028,0.028,0.5
202204,수원,20,48,0.002,0.044,0.019,0.4
202205,수원,16,36,0.002,0.05,0.015,0.4
202206,수원,11,24,0.002,0.037,0.012,0.4
202207,수원,15,28,0.002,0.037,0.012,0.4
202208,수원,10,22,0.002,0.029,0.012,0.4
202209,수원,12,26,0.002,0.03,0.017,0.4
202210,수원,8,31,0.002,0.022,0.024,0.4
202211,수원,22,42,0.002,0.016,0.032,0.5
202212,수원,19,37,0.002,0.013,0.03,0.5
202301,수원,27,49,0.0022,0.0156,0.0279,0.57
202302,수원,31,48,0.0022,0.0198,0.0298,0.56
202303,수원,29,73,0.0023,0.032,0.0265,0.5
202304,수원,22,70,0.0017,0.0384,0.0162,0.4
202305,수원,18,42,0.0018,0.0417,0.016,0.39
202306,수원,17,31,0.0018,0.0489,0.0123,0.44
202307,수원,15,28,0.0018,0.0365,0.0109,0.5
202308,수원,14,24,0.0019,0.0341,0.0111,0.5
202309,수원,12,23,0.0018,0.0311,0.0145,0.48
202310,수원,16,31,0.0021,0.0251,0.0217,0.47
202311,수원,17,32,0.0023,0.0222,0.0227,0.44
202312,수원,22,37,0.0023,0.0173,0.0275,0.54
202401,수원,25,35,0.0019,0.0178,0.026,0.52
202402,수원,24,34,0.0016,0.0232,0.0232,0.49
202403,수원,22,52,0.0018,0.0344,0.0184,0.41
202404,수원,22,55,0.0019,0.041,0.0192,0.44
202405,수원,16,33,0.0017,0.0409,0.014,0.36
202406,수원,18,33,0.002,0.0503,0.0143,0.39
201201,강릉,,53,0.011,0.017,0.017,0.7
201202,강릉,,46,0.008,0.019,0.016,0.5
201203,강릉,,50,0.007,0.029,0.016,0.6
201204,강릉,,57,0.004,0.034,0.014,0.4
201205,강릉,,47,0.004,0.037,0.015,0.4
201206,강릉,,38,0.003,0.03,0.013,0.3
201207,강릉,,27,0.002,0.026,0.011,0.3
201208,강릉,,21,0.002,0.02,0.011,0.4
201209,강릉,,24,0.003,0.025,0.011,0.4
201210,강릉,,34,0.004,0.028,0.013,0.5
201211,강릉,,41,0.006,0.023,0.013,0.6
201212,강릉,,36,0.008,0.019,0.015,0.6
201301,강릉,,55,0.01,0.022,0.019,0.7
201302,강릉,,47,0.007,0.029,0.016,0.7
201303,강릉,,55,0.006,0.036,0.015,0.6
201304,강릉,,45,0.005,0.039,0.012,0.6
201305,강릉,,44,0.003,0.037,0.012,0.3
201306,강릉,,30,0.004,0.025,0.012,0.2
201307,강릉,,29,0.002,0.026,0.01,0.3
201308,강릉,,33,0.002,0.031,0.009,0.4
201309,강릉,,31,0.003,0.023,0.01,0.5
201310,강릉,,30,0.004,0.024,0.012,0.8
201311,강릉,,35,0.006,0.023,0.012,1.2
201312,강릉,,45,0.008,0.018,0.015,0.7
201401,강릉,,51,0.008,0.02,0.013,0.7
201402,강릉,,56,0.004,0.012,0.018,0.8
201403,강릉,,60,0.004,0.027,0.013,0.5
201404,강릉,,56,0.005,0.038,0.012,0.5
201405,강릉,,56,0.003,0.043,0.014,0.3
201406,강릉,,41,0.002,0.032,0.012,0.2
201407,강릉,,37,0.002,0.036,0.013,0.3
201408,강릉,,32,0.002,0.029,0.012,0.2
201409,강릉,,32,0.002,0.027,0.01,0.7
201410,강릉,,39,0.003,0.027,0.014,0.7
201411,강릉,,39,0.005,0.022,0.016,0.8
201412,강릉,,50**,0.007,0.024**,0.013,0.6
201501,강릉,20,48,0.007,0.022,0.014,0.8
201502,강릉,24,74,0.007,0.025,0.014,0.6
201503,강릉,25,72,0.006,0.032,0.015,0.6
201504,강릉,20,55,0.004,0.037,0.012,0.4
201505,강릉,21,54,0.003,0.046,0.012,0.4
201506,강릉,21,43,0.003,0.039,0.011,0.3
201507,강릉,17,34,0.002,0.027,0.01,0.3
201508,강릉,22,37,0.002,0.033,0.009,0.3
201509,강릉,12,34,0.002,0.026,0.01,0.4
201510,강릉,16,47,0.003,0.031,0.013,0.4
201511,강릉,14,39,0.004,0.022,0.014,0.5
201512,강릉,25,46,0.005,0.021,0.016,0.6
201601,강릉,28,43,0.004,0.026,0.015,0.6
201602,강릉,28,49,0.005,0.029,0.015,0.8
201603,강릉,35,63,0.005,0.034,0.018,0.5
201604,강릉,30,69,0.003,0.042,0.015,0.4
201605,강릉,32,58,0.002,0.048,0.015,0.4
201606,강릉,30,44,0.002,0.039,0.014,0.3
201607,강릉,23,33,0.002,0.026,0.011,0.3
201608,강릉,17,33,0.002,0.026,0.007,0.3
201609,강릉,25,38,0.002,0.024,0.009,0.4
201610,강릉,24,44,0.003,0.023,0.014,0.5
201611,강릉,29,53,0.004,0.023,0.017,0.7
201612,강릉,26,40,0.005,0.022,0.015,0.6
201701,강릉,30,48,0.005,0.011,0.011,0.6
201702,강릉,29,52,0.004,0.031,0.013,0.5
201703,강릉,37,62,0.004,0.015,0.015,0.4
201704,강릉,27,55,0.003,0.048,0.008,0.3
201705,강릉,29,61,0.003,0.052,0.014,0.3
201706,강릉,24,38,0.001,0.042,0.012,0.3
201707,강릉,21,33,0.001,0.033,0.011,0.2
201708,강릉,15,29,0.002,0.022,0.013,0.3
201709,강릉,21,41,0.003,0.034,0.012,0.5
201710,강릉,17,39,0.003,0.026,0.011,0.5
201711,강릉,21,37,0.003,0.029,0.012,0.6
201712,강릉,25*,29,0.004,0.025,0.012,0.6
201801,강릉,27*,33,0.005,0.027,0.02,0.5
201802,강릉,23,37,0.005,0.03,0.011,0.5
201803,강릉,25,37,0.005,0.038,0.015,0.4
201804,강릉,24,49,0.002,0.044,0.015,0.3
201805,강릉,21,47,0.002,0.046,0.013,0.3
201806,강릉,18,37,0.002,0.048,0.013,0.3
201807,강릉,17,32,0.002,0.033,0.011,0.2
201808,강릉,13,31,0.002,0.025,0.01,0.3
201809,강릉,17,24,0.003,0.027,0.012,0.3
201810,강릉,14**,17**,0.003**,0.033**,0.006**,0.2**
201811,강릉,19,46,0.003,0.028,0.018,0.3
201812,강릉,16,30,0.004,0.024,0.017,0.3
201901,강릉,23,41,0.005,0.029,0.017,0.3
201902,강릉,25,42,0.004,0.034,0.016,0.4
201903,강릉,32,51,0.003,0.046,0.014,0.3
201904,강릉,16,36,0.002,0.042,0.013,0.3
201905,강릉,21,47,0.002,0.059,0.012,0.3
201906,강릉,16,32,0.002,0.045,0.01,0.3
201907,강릉,14,29,0.001,0.038,0.008,0.3
201908,강릉,12,28,0.001,0.034,0.009,0.4
201909,강릉,10,25,0.001,0.028,0.009,0.2
201910,강릉,13*,29*,0.001*,0.026*,0.009*,0.2*
201911,강릉,,,,,,
201912,강릉,17,30,0.002,0.028,0.015,0.4
202001,강릉,14,25,0.002,0.028,0.014,0.5
202002,강릉,19,32,0.003,0.033,0.014,0.6*
202003,강릉,16,36,0.002,0.039,0.011,0.4
202004,강릉,15,38,0.002,0.047,0.011**,0.3
202005,강릉,12,32,0.003,0.042,0.011,0.5
202006,강릉,18,42,0.003,0.047,0.01,0.4
202007,강릉,8,14**,0.002,0.029,0.01,0.5
202008,강릉,11,17,0.002,0.026,0.011,0.5
202009,강릉,11,27,0.003,0.035,0.009,0.5
202010,강릉,14,31,0.002,0.037,0.01,0.5
202011,강릉,19*,32,0.003,0.033,0.013,0.4
202012,강릉,,30,0.003,0.033,0.014,0.4
202101,강릉,12**,32,0.003,0.031,0.015,0.4
202102,강릉,17,39,0.003,0.037,0.014,0.3
202103,강릉,16,55,0.003,0.04,0.015,0.5
202104,강릉,13,45,0.002,0.046,0.011,0.3
202105,강릉,14,50,0.002,0.048,0.009,0.4
202106,강릉,10,28,0.002,0.04,0.01,0.4
202107,강릉,9,21,0.002,0.03,0.01,0.3
202108,강릉,6,20,0.002,0.032,0.01,0.2
202109,강릉,5,15,0.003,0.029,0.009,0.2
202110,강릉,8,21,0.003,0.034,0.008,0.3
202111,강릉,14,32,0.003,0.035,0.012,0.3
202112,강릉,11,26,0.003,0.031,0.013,0.3
202201,강릉,15,29,0.004,0.03,0.016,0.4
202202,강릉,16,27,0.003,0.041,0.012,0.4
202203,강릉,19*,42**,0.003,0.045,0.011,0.3
202204,강릉,15,39,0.002,0.052,0.009,0.2
202205,강릉,14,30,0.002,0.058,0.009,0.2
202206,강릉,9,21,0.002,0.04,0.008,0.2
202207,강릉,7,16,0.002,0.029,0.007,0.2
202208,강릉,11,17,0.002,0.028,0.009,0.2
202209,강릉,10,18,0.002,0.027,0.008,0.3
202210,강릉,14,22,0.002,0.021,0.012,0.3
202211,강릉,19,34,0.002,0.033,0.011,0.4
202212,강릉,17,31,0.003,0.032,0.01,0.5
202301,강릉,14,30,0.0027,0.0338,0.0106,0.45
202302,강릉,18,33,0.0031,0.0361,0.013,0.5
202303,강릉,19,54,0.0025,0.0445,0.0104,0.46
202304,강릉,20,71,0.0019,0.044,0.0086,0.39
202305,강릉,14,35,0.0018,0.0459,0.0085,0.32
202306,강릉,9,20,0.0013,0.0459,0.0067,0.26
202307,강릉,12,23,0.0016,0.0351,0.0079,0.26
202308,강릉,8,16,0.0018,0.0293,0.0059,0.24
202309,강릉,8,15,0.0017,0.0312,0.0055,0.28
202310,강릉,11,21,0.0017,0.0386,0.0071,0.4
202311,강릉,12,20,0.0022,0.0363,0.0078,0.42
202312,강릉,14,25,0.0027,0.0343,0.0094,0.46*
202401,강릉,15,24,0.0027,0.0327,0.0107,0.47
202402,강릉,14,23,0.0022,0.0351,0.0104,0.41
202403,강릉,17,43,0.0022,0.0408,0.0107,0.4
202404,강릉,19,62,0.0017,0.0453,0.0088,0.26
202405,강릉,11,29,0.0013,0.0475,0.007,0.25
202406,강릉,14,27,0.0016,0.0524,0.0071,0.24
" 1. 전체 월평균 오염도는 참고사항이며, 국가전체평균을 의미하는 것은 아님",,,,,,,
2. *의 값은 자료 획득율이 50% 이상이나 75% 미만인 도시의 월평균 값임,,,,,,,
3. **의 값은 자료 획득율이 50% 미만인 도시의 월평균 값임,,,,,,,
"4. 관측점 수치가 없는 경우는 장비교체, 장비점검 등으로 인한 결측",,,,,,,
