Year,Quarter,지역,지역별 분기별 평균 강수량 (mm)
2012,1,강릉,2.07
2012,1,강진군,2.27
2012,1,강화,0.36
2012,1,거제,2.37
2012,1,거창,1.18
2012,1,경주시,1.51
2012,1,고산,2.53
2012,1,고산(제주),2.12
2012,1,고창,1.31
2012,1,고창군,1.4
2012,1,고흥,2.38
2012,1,광양시,1.88
2012,1,광주,1.47
2012,1,구미,1.04
2012,1,군산,0.85
2012,1,금산,1.19
2012,1,김해시,1.6
2012,1,남원,1.46
2012,1,남해,2.53
2012,1,대관령,1.3
2012,1,대구,1.07
2012,1,대전,0.81
2012,1,동두천,0.42
2012,1,동해,1.82
2012,1,목포,1.97
2012,1,문경,1.14
2012,1,밀양,1.2
2012,1,백령도,0.33
2012,1,보령,0.86
2012,1,보성군,2.04
2012,1,보은,1.06
2012,1,봉화,0.84
2012,1,부산,2.37
2012,1,부안,1.01
2012,1,부여,0.87
2012,1,북강릉,2.11
2012,1,북창원,1.4
2012,1,산청,1.44
2012,1,상주,1.05
2012,1,서귀포,3.29
2012,1,서산,0.65
2012,1,서울,0.6
2012,1,성산,3.28
2012,1,속초,1.45
2012,1,수원,0.59
2012,1,순창군,1.42
2012,1,순천,1.9
2012,1,안동,0.79
2012,1,양산시,1.45
2012,1,양평,0.56
2012,1,여수,1.91
2012,1,영광군,1.45
2012,1,영덕,1.48
2012,1,영월,0.86
2012,1,영주,0.98
2012,1,영천,1.04
2012,1,완도,2.85
2012,1,울릉도,4.28
2012,1,울산,2.08
2012,1,울진,1.37
2012,1,원주,0.7
2012,1,의령군,1.31
2012,1,의성,0.69
2012,1,이천,0.75
2012,1,인제,0.36
2012,1,인천,0.34
2012,1,임실,1.09
2012,1,장수,1.51
2012,1,장흥,2.39
2012,1,전주,1.13
2012,1,정선군,0.22
2012,1,정읍,1.33
2012,1,제주,3.45
2012,1,제천,1.15
2012,1,진주,1.73
2012,1,창원,1.29
2012,1,천안,0.68
2012,1,철원,0.47
2012,1,청송군,0.63
2012,1,청주,0.95
2012,1,추풍령,1.27
2012,1,춘천,0.52
2012,1,충주,0.85
2012,1,태백,1.07
2012,1,통영,1.87
2012,1,파주,0.44
2012,1,포항,2.1
2012,1,함양군,1.38
2012,1,합천,1.25
2012,1,해남,2.33
2012,1,해남군,2.02
2012,1,홍천,0.46
2012,1,흑산도,1.78
2012,2,강릉,2.26
2012,2,강진군,3.08
2012,2,강화,2.33
2012,2,거제,4.55
2012,2,거창,2.48
2012,2,경주시,2.58
2012,2,고산,4.11
2012,2,고산(제주),3.82
2012,2,고창,1.83
2012,2,고창군,1.99
2012,2,고흥,3.93
2012,2,광양시,3.09
2012,2,광주,2.29
2012,2,구미,2.45
2012,2,군산,2.18
2012,2,금산,2.34
2012,2,김해시,3.51
2012,2,남원,2.14
2012,2,남해,4.61
2012,2,대관령,3.23
2012,2,대구,2.31
2012,2,대전,1.63
2012,2,동두천,3.23
2012,2,동해,1.8
2012,2,목포,2.04
2012,2,문경,2.43
2012,2,밀양,2.89
2012,2,백령도,2.0
2012,2,보령,1.76
2012,2,보성군,4.08
2012,2,보은,2.38
2012,2,봉화,2.71
2012,2,부산,3.82
2012,2,부안,1.64
2012,2,부여,2.2
2012,2,북강릉,2.24
2012,2,북창원,3.63
2012,2,산청,3.09
2012,2,상주,2.21
2012,2,서귀포,8.85
2012,2,서산,2.41
2012,2,서울,2.83
2012,2,성산,7.1
2012,2,속초,2.81
2012,2,수원,2.67
2012,2,순창군,2.2
2012,2,순천,3.2
2012,2,안동,1.94
2012,2,양산시,3.15
2012,2,양평,3.18
2012,2,여수,3.4
2012,2,영광군,1.88
2012,2,영덕,2.54
2012,2,영월,3.18
2012,2,영주,2.77
2012,2,영천,2.38
2012,2,완도,4.65
2012,2,울릉도,3.49
2012,2,울산,2.91
2012,2,울진,2.25
2012,2,원주,2.45
2012,2,의령군,2.55
2012,2,의성,2.26
2012,2,이천,3.07
2012,2,인제,2.37
2012,2,인천,2.3
2012,2,임실,2.15
2012,2,장수,2.57
2012,2,장흥,3.6
2012,2,전주,1.77
2012,2,정선군,1.14
2012,2,정읍,1.8
2012,2,제주,4.05
2012,2,제천,3.13
2012,2,진주,3.0
2012,2,창원,3.69
2012,2,천안,1.91
2012,2,철원,3.07
2012,2,청송군,1.89
2012,2,청주,2.55
2012,2,추풍령,2.15
2012,2,춘천,3.38
2012,2,충주,2.25
2012,2,태백,2.75
2012,2,통영,4.11
2012,2,파주,2.52
2012,2,포항,2.56
2012,2,함양군,2.3
2012,2,합천,3.08
2012,2,해남,2.98
2012,2,해남군,2.41
2012,2,홍천,2.66
2012,2,흑산도,2.64
2012,3,강릉,9.21
2012,3,강진군,11.19
2012,3,강화,9.77
2012,3,거제,11.96
2012,3,거창,11.54
2012,3,경주시,8.41
2012,3,고산,14.84
2012,3,고산(제주),7.32
2012,3,고창,10.35
2012,3,고창군,11.26
2012,3,고흥,11.2
2012,3,광양시,13.76
2012,3,광주,11.7
2012,3,구미,9.43
2012,3,군산,13.19
2012,3,금산,10.39
2012,3,김해시,8.34
2012,3,남원,11.09
2012,3,남해,14.53
2012,3,대관령,8.22
2012,3,대구,8.38
2012,3,대전,10.69
2012,3,동두천,9.2
2012,3,동해,7.94
2012,3,목포,11.11
2012,3,문경,9.86
2012,3,밀양,9.21
2012,3,백령도,5.26
2012,3,보령,9.66
2012,3,보성군,11.16
2012,3,보은,10.89
2012,3,봉화,8.52
2012,3,부산,11.17
2012,3,부안,11.85
2012,3,부여,11.55
2012,3,북강릉,8.7
2012,3,북창원,12.99
2012,3,산청,14.43
2012,3,상주,9.77
2012,3,서귀포,14.31
2012,3,서산,12.13
2012,3,서울,12.24
2012,3,성산,11.82
2012,3,속초,7.5
2012,3,수원,13.47
2012,3,순창군,12.03
2012,3,순천,14.08
2012,3,안동,7.52
2012,3,양산시,10.8
2012,3,양평,10.75
2012,3,여수,12.55
2012,3,영광군,12.66
2012,3,영덕,7.17
2012,3,영월,9.58
2012,3,영주,9.86
2012,3,영천,9.53
2012,3,완도,8.73
2012,3,울릉도,6.84
2012,3,울산,9.07
2012,3,울진,7.63
2012,3,원주,10.26
2012,3,의령군,9.5
2012,3,의성,7.0
2012,3,이천,11.42
2012,3,인제,6.72
2012,3,인천,10.34
2012,3,임실,11.11
2012,3,장수,14.4
2012,3,장흥,11.63
2012,3,전주,9.94
2012,3,정선군,7.97
2012,3,정읍,11.06
2012,3,제주,14.22
2012,3,제천,8.8
2012,3,진주,12.29
2012,3,창원,10.14
2012,3,천안,10.07
2012,3,철원,8.79
2012,3,청송군,7.25
2012,3,청주,9.78
2012,3,추풍령,10.88
2012,3,춘천,8.53
2012,3,충주,9.2
2012,3,태백,11.54
2012,3,통영,8.82
2012,3,파주,10.69
2012,3,포항,8.59
2012,3,함양군,11.95
2012,3,합천,13.78
2012,3,해남,11.19
2012,3,해남군,0.05
2012,3,홍천,9.11
2012,3,흑산도,10.92
2012,4,강릉,0.86
2012,4,강진군,2.03
2012,4,강화,2.34
2012,4,거제,3.33
2012,4,거창,1.56
2012,4,경주시,1.39
2012,4,고산,2.49
2012,4,고산(제주),2.22
2012,4,고창,1.8
2012,4,고창군,2.07
2012,4,고흥,2.04
2012,4,광양시,1.88
2012,4,광주,2.26
2012,4,구미,1.36
2012,4,군산,1.85
2012,4,금산,1.7
2012,4,김해시,2.17
2012,4,남원,1.85
2012,4,남해,2.41
2012,4,대관령,1.31
2012,4,대구,1.21
2012,4,대전,2.22
2012,4,동두천,2.23
2012,4,동해,0.7
2012,4,목포,2.07
2012,4,문경,1.77
2012,4,밀양,1.64
2012,4,백령도,2.14
2012,4,보령,2.08
2012,4,보성군,2.14
2012,4,보은,2.26
2012,4,봉화,1.23
2012,4,부산,4.27
2012,4,부안,1.87
2012,4,부여,2.22
2012,4,북강릉,0.92
2012,4,북창원,1.9
2012,4,산청,1.9
2012,4,상주,1.39
2012,4,서귀포,3.03
2012,4,서산,2.7
2012,4,서울,2.27
2012,4,성산,4.64
2012,4,속초,1.52
2012,4,수원,2.31
2012,4,순창군,1.88
2012,4,순천,2.25
2012,4,안동,1.16
2012,4,양산시,2.28
2012,4,양평,2.21
2012,4,여수,2.03
2012,4,영광군,2.3
2012,4,영덕,1.02
2012,4,영월,1.63
2012,4,영주,1.99
2012,4,영천,1.39
2012,4,완도,2.44
2012,4,울릉도,4.79
2012,4,울산,1.84
2012,4,울진,0.75
2012,4,원주,1.61
2012,4,의령군,1.94
2012,4,의성,1.04
2012,4,이천,1.75
2012,4,인제,1.71
2012,4,인천,2.43
2012,4,임실,2.03
2012,4,장수,2.34
2012,4,장흥,1.74
2012,4,전주,1.97
2012,4,정선군,1.18
2012,4,정읍,1.87
2012,4,제주,2.8
2012,4,제천,1.99
2012,4,진주,2.08
2012,4,창원,1.87
2012,4,천안,1.9
2012,4,철원,2.03
2012,4,청송군,0.88
2012,4,청주,1.85
2012,4,추풍령,1.67
2012,4,춘천,2.01
2012,4,충주,1.76
2012,4,태백,1.25
2012,4,통영,2.78
2012,4,파주,2.0
2012,4,포항,1.3
2012,4,함양군,1.54
2012,4,합천,1.45
2012,4,해남,1.98
2012,4,홍천,1.68
2012,4,흑산도,2.59
2013,1,강릉,1.67
2013,1,강진군,2.01
2013,1,강화,1.0
2013,1,거제,2.22
2013,1,거창,1.27
2013,1,경주시,1.16
2013,1,고산,2.28
2013,1,고산(제주),1.64
2013,1,고창,1.52
2013,1,고창군,1.53
2013,1,고흥,1.93
2013,1,광양시,1.98
2013,1,광주,1.62
2013,1,구미,0.99
2013,1,군산,1.72
2013,1,금산,1.62
2013,1,김해시,1.88
2013,1,남원,1.44
2013,1,남해,3.27
2013,1,대관령,1.56
2013,1,대구,1.11
2013,1,대전,1.7
2013,1,동두천,1.05
2013,1,동해,1.83
2013,1,목포,1.49
2013,1,문경,1.55
2013,1,밀양,1.46
2013,1,백령도,0.62
2013,1,보령,1.36
2013,1,보성군,1.82
2013,1,보은,1.48
2013,1,봉화,1.16
2013,1,부산,1.81
2013,1,부안,1.36
2013,1,부여,1.72
2013,1,북강릉,1.89
2013,1,북창원,1.92
2013,1,산청,1.52
2013,1,상주,1.24
2013,1,서귀포,2.28
2013,1,서산,1.8
2013,1,서울,1.37
2013,1,성산,2.21
2013,1,속초,1.77
2013,1,수원,1.39
2013,1,순창군,1.79
2013,1,순천,1.73
2013,1,안동,1.14
2013,1,양산시,2.2
2013,1,양평,1.6
2013,1,여수,2.35
2013,1,영광군,1.69
2013,1,영덕,1.42
2013,1,영월,1.38
2013,1,영주,1.61
2013,1,영천,1.38
2013,1,완도,2.96
2013,1,울릉도,2.76
2013,1,울산,1.4
2013,1,울진,1.65
2013,1,원주,1.24
2013,1,의령군,1.44
2013,1,의성,1.0
2013,1,이천,1.31
2013,1,인제,1.08
2013,1,인천,1.39
2013,1,임실,1.54
2013,1,장수,2.13
2013,1,장흥,1.66
2013,1,전주,1.59
2013,1,정선군,1.52
2013,1,정읍,1.42
2013,1,제주,1.51
2013,1,제천,1.59
2013,1,진주,1.84
2013,1,창원,1.89
2013,1,천안,1.15
2013,1,철원,1.08
2013,1,청송군,0.91
2013,1,청주,1.23
2013,1,추풍령,1.44
2013,1,춘천,1.44
2013,1,충주,1.39
2013,1,태백,1.25
2013,1,통영,1.86
2013,1,파주,1.13
2013,1,포항,1.36
2013,1,함양군,1.28
2013,1,합천,1.23
2013,1,해남,1.9
2013,1,홍천,1.23
2013,1,흑산도,1.52
2013,2,강릉,1.9
2013,2,강진군,3.86
2013,2,강화,2.75
2013,2,거제,5.25
2013,2,거창,2.19
2013,2,경주시,2.4
2013,2,고산,4.36
2013,2,고산(제주),3.08
2013,2,고창,2.38
2013,2,고창군,2.32
2013,2,고흥,4.14
2013,2,광양시,5.79
2013,2,광주,2.47
2013,2,구미,2.73
2013,2,군산,3.19
2013,2,금산,3.12
2013,2,김해시,4.39
2013,2,남원,2.45
2013,2,남해,6.82
2013,2,대관령,2.35
2013,2,대구,2.13
2013,2,대전,3.95
2013,2,동두천,2.32
2013,2,동해,2.15
2013,2,목포,2.93
2013,2,문경,5.29
2013,2,밀양,3.26
2013,2,백령도,1.98
2013,2,보령,3.79
2013,2,보성군,5.57
2013,2,보은,3.95
2013,2,봉화,3.78
2013,2,부산,5.45
2013,2,부안,3.08
2013,2,부여,4.44
2013,2,북강릉,1.89
2013,2,북창원,4.27
2013,2,산청,3.66
2013,2,상주,3.33
2013,2,서귀포,4.71
2013,2,서산,2.98
2013,2,서울,2.55
2013,2,성산,5.41
2013,2,속초,1.77
2013,2,수원,2.95
2013,2,순창군,2.93
2013,2,순천,4.43
2013,2,안동,4.01
2013,2,양산시,4.5
2013,2,양평,3.13
2013,2,여수,4.85
2013,2,영광군,2.93
2013,2,영덕,3.06
2013,2,영월,3.8
2013,2,영주,4.97
2013,2,영천,2.44
2013,2,완도,4.88
2013,2,울릉도,3.69
2013,2,울산,3.53
2013,2,울진,3.07
2013,2,원주,4.0
2013,2,의령군,3.46
2013,2,의성,3.54
2013,2,이천,3.37
2013,2,인제,2.51
2013,2,인천,2.37
2013,2,임실,2.99
2013,2,장수,2.69
2013,2,장흥,4.1
2013,2,전주,3.14
2013,2,정선군,2.94
2013,2,정읍,2.28
2013,2,제주,3.46
2013,2,제천,3.91
2013,2,진주,4.73
2013,2,창원,5.07
2013,2,천안,3.1
2013,2,철원,1.9
2013,2,청송군,3.52
2013,2,청주,4.32
2013,2,추풍령,3.07
2013,2,춘천,2.75
2013,2,충주,3.34
2013,2,태백,3.2
2013,2,통영,5.64
2013,2,파주,2.55
2013,2,포항,2.4
2013,2,함양군,1.97
2013,2,합천,2.8
2013,2,해남,3.12
2013,2,홍천,2.61
2013,2,흑산도,2.89
2013,3,강릉,4.7
2013,3,강진군,5.66
2013,3,강화,9.23
2013,3,거제,3.33
2013,3,거창,7.15
2013,3,경주시,3.57
2013,3,고산,5.6
2013,3,고산(제주),1.77
2013,3,고창,8.21
2013,3,고창군,6.61
2013,3,고흥,5.56
2013,3,광양시,5.54
2013,3,광주,7.94
2013,3,구미,5.05
2013,3,군산,5.6
2013,3,금산,4.97
2013,3,김해시,4.08
2013,3,남원,9.09
2013,3,남해,5.21
2013,3,대관령,6.15
2013,3,대구,5.97
2013,3,대전,5.34
2013,3,동두천,11.38
2013,3,동해,4.86
2013,3,목포,6.04
2013,3,문경,5.58
2013,3,밀양,5.25
2013,3,백령도,5.89
2013,3,보령,8.72
2013,3,보성군,5.7
2013,3,보은,5.42
2013,3,봉화,5.56
2013,3,부산,3.32
2013,3,부안,6.94
2013,3,부여,5.92
2013,3,북강릉,4.48
2013,3,북창원,3.98
2013,3,산청,6.77
2013,3,상주,4.4
2013,3,서귀포,2.83
2013,3,서산,5.24
2013,3,서울,10.47
2013,3,성산,3.58
2013,3,속초,6.98
2013,3,수원,8.11
2013,3,순창군,7.87
2013,3,순천,6.31
2013,3,안동,4.41
2013,3,양산시,3.63
2013,3,양평,12.41
2013,3,여수,4.83
2013,3,영광군,7.17
2013,3,영덕,2.45
2013,3,영월,7.55
2013,3,영주,5.05
2013,3,영천,5.2
2013,3,완도,4.59
2013,3,울릉도,2.2
2013,3,울산,2.47
2013,3,울진,3.25
2013,3,원주,10.15
2013,3,의령군,4.53
2013,3,의성,3.77
2013,3,이천,9.26
2013,3,인제,9.95
2013,3,인천,8.4
2013,3,임실,8.87
2013,3,장수,10.17
2013,3,장흥,5.64
2013,3,전주,7.74
2013,3,정선군,8.17
2013,3,정읍,6.58
2013,3,제주,1.86
2013,3,제천,9.08
2013,3,진주,5.21
2013,3,창원,3.6
2013,3,천안,6.51
2013,3,철원,14.91
2013,3,청송군,3.9
2013,3,청주,6.52
2013,3,추풍령,4.21
2013,3,춘천,13.67
2013,3,충주,6.36
2013,3,태백,4.2
2013,3,통영,3.27
2013,3,파주,9.91
2013,3,포항,3.45
2013,3,함양군,6.85
2013,3,합천,8.09
2013,3,해남,5.53
2013,3,홍천,9.52
2013,3,흑산도,6.35
2013,4,강릉,1.82
2013,4,강진군,1.66
2013,4,강화,0.91
2013,4,거제,2.95
2013,4,거창,1.24
2013,4,경주시,1.84
2013,4,고산,1.52
2013,4,고산(제주),1.16
2013,4,고창,1.27
2013,4,고창군,1.33
2013,4,고흥,1.32
2013,4,광양시,1.65
2013,4,광주,1.57
2013,4,구미,1.01
2013,4,군산,1.44
2013,4,금산,1.2
2013,4,김해시,1.24
2013,4,남원,2.27
2013,4,남해,2.13
2013,4,대관령,1.44
2013,4,대구,1.67
2013,4,대전,1.26
2013,4,동두천,1.29
2013,4,동해,1.71
2013,4,목포,1.45
2013,4,문경,1.52
2013,4,밀양,1.36
2013,4,백령도,0.92
2013,4,보령,1.29
2013,4,보성군,1.29
2013,4,보은,1.46
2013,4,봉화,1.17
2013,4,부산,1.8
2013,4,부안,1.26
2013,4,부여,1.44
2013,4,북강릉,1.54
2013,4,북창원,2.03
2013,4,산청,1.75
2013,4,상주,1.36
2013,4,서귀포,2.09
2013,4,서산,1.12
2013,4,서울,0.92
2013,4,성산,3.74
2013,4,속초,1.66
2013,4,수원,1.1
2013,4,순창군,1.64
2013,4,순천,1.54
2013,4,안동,1.16
2013,4,양산시,1.64
2013,4,양평,1.22
2013,4,여수,1.12
2013,4,영광군,1.38
2013,4,영덕,2.52
2013,4,영월,0.81
2013,4,영주,1.3
2013,4,영천,1.6
2013,4,완도,1.31
2013,4,울릉도,5.22
2013,4,울산,1.99
2013,4,울진,2.91
2013,4,원주,1.0
2013,4,의령군,1.38
2013,4,의성,1.0
2013,4,이천,0.98
2013,4,인제,0.99
2013,4,인천,0.8
2013,4,임실,1.89
2013,4,장수,2.2
2013,4,장흥,1.26
2013,4,전주,1.35
2013,4,정선군,1.02
2013,4,정읍,1.32
2013,4,제주,2.58
2013,4,제천,1.12
2013,4,진주,1.57
2013,4,창원,1.61
2013,4,천안,1.2
2013,4,철원,1.28
2013,4,청송군,1.17
2013,4,청주,1.49
2013,4,추풍령,1.34
2013,4,춘천,1.11
2013,4,충주,0.96
2013,4,태백,1.44
2013,4,통영,1.97
2013,4,파주,1.12
2013,4,포항,2.68
2013,4,함양군,1.86
2013,4,합천,1.81
2013,4,해남,1.24
2013,4,홍천,0.85
2013,4,흑산도,1.19
2014,1,강릉,3.0
2014,1,강진군,1.48
2014,1,강화,0.24
2014,1,거제,3.11
2014,1,거창,1.05
2014,1,경주시,1.72
2014,1,고산,1.96
2014,1,고산(제주),2.47
2014,1,고창,1.11
2014,1,고창군,1.18
2014,1,고흥,1.8
2014,1,광양시,1.85
2014,1,광주,1.37
2014,1,구미,1.05
2014,1,군산,1.18
2014,1,금산,1.16
2014,1,김해시,1.95
2014,1,남원,1.39
2014,1,남해,2.44
2014,1,대관령,1.96
2014,1,대구,1.32
2014,1,대전,0.91
2014,1,동두천,0.46
2014,1,동해,2.87
2014,1,목포,1.34
2014,1,문경,0.96
2014,1,밀양,1.52
2014,1,백령도,0.39
2014,1,보령,0.89
2014,1,보성군,1.46
2014,1,보은,0.95
2014,1,봉화,0.52
2014,1,부산,2.12
2014,1,부안,0.94
2014,1,부여,0.96
2014,1,북강릉,3.46
2014,1,북창원,1.77
2014,1,산청,1.07
2014,1,상주,1.15
2014,1,서귀포,3.63
2014,1,서산,0.61
2014,1,서울,0.4
2014,1,성산,4.36
2014,1,속초,2.64
2014,1,수원,0.41
2014,1,순창군,1.27
2014,1,순천,1.48
2014,1,안동,0.98
2014,1,양산시,2.06
2014,1,양평,0.51
2014,1,여수,1.76
2014,1,영광군,1.18
2014,1,영덕,1.73
2014,1,영월,0.62
2014,1,영주,0.69
2014,1,영천,1.53
2014,1,완도,2.17
2014,1,울릉도,4.23
2014,1,울산,2.55
2014,1,울진,1.85
2014,1,원주,0.73
2014,1,의령군,1.4
2014,1,의성,0.9
2014,1,이천,0.71
2014,1,인제,0.48
2014,1,인천,0.37
2014,1,임실,1.22
2014,1,장수,1.58
2014,1,장흥,1.38
2014,1,전주,1.16
2014,1,정선군,0.78
2014,1,정읍,1.06
2014,1,제주,3.07
2014,1,제천,0.87
2014,1,진주,1.52
2014,1,창원,1.98
2014,1,천안,0.67
2014,1,철원,0.42
2014,1,청송군,1.14
2014,1,청주,0.71
2014,1,추풍령,1.27
2014,1,춘천,0.4
2014,1,충주,0.78
2014,1,태백,0.95
2014,1,통영,2.59
2014,1,파주,0.36
2014,1,포항,2.92
2014,1,함양군,1.24
2014,1,합천,1.22
2014,1,해남,1.42
2014,1,홍천,0.3
2014,1,흑산도,1.31
2014,2,강릉,2.8
2014,2,강진군,3.17
2014,2,강화,1.59
2014,2,거제,4.77
2014,2,거창,2.2
2014,2,경주시,2.04
2014,2,고산,4.62
2014,2,고산(제주),3.74
2014,2,고창,1.52
2014,2,고창군,2.16
2014,2,고흥,4.44
2014,2,광양시,3.84
2014,2,광주,2.1
2014,2,구미,2.59
2014,2,군산,2.62
2014,2,금산,1.76
2014,2,김해시,2.62
2014,2,남원,2.26
2014,2,남해,4.15
2014,2,대관령,2.85
2014,2,대구,1.73
2014,2,대전,2.78
2014,2,동두천,1.98
2014,2,동해,3.33
2014,2,목포,2.35
2014,2,문경,2.34
2014,2,밀양,2.25
2014,2,백령도,1.1
2014,2,보령,2.67
2014,2,보성군,3.82
2014,2,보은,2.23
2014,2,봉화,2.6
2014,2,부산,3.72
2014,2,부안,2.02
2014,2,부여,2.56
2014,2,북강릉,2.63
2014,2,북창원,2.12
2014,2,산청,3.12
2014,2,상주,1.96
2014,2,서귀포,8.52
2014,2,서산,2.28
2014,2,서울,2.11
2014,2,성산,5.97
2014,2,속초,1.82
2014,2,수원,2.07
2014,2,순창군,2.85
2014,2,순천,2.7
2014,2,안동,1.45
2014,2,양산시,2.43
2014,2,양평,2.07
2014,2,여수,3.31
2014,2,영광군,1.87
2014,2,영덕,3.07
2014,2,영월,1.62
2014,2,영주,2.46
2014,2,영천,2.11
2014,2,완도,4.76
2014,2,울릉도,2.79
2014,2,울산,2.31
2014,2,울진,3.53
2014,2,원주,1.35
2014,2,의령군,2.74
2014,2,의성,1.36
2014,2,이천,1.99
2014,2,인제,1.62
2014,2,인천,1.99
2014,2,임실,2.59
2014,2,장수,1.99
2014,2,장흥,3.17
2014,2,전주,2.29
2014,2,정선군,1.18
2014,2,정읍,1.8
2014,2,제주,2.25
2014,2,제천,1.68
2014,2,진도군,4.18
2014,2,진주,3.93
2014,2,창원,2.8
2014,2,천안,1.87
2014,2,철원,1.88
2014,2,청송군,1.48
2014,2,청주,1.88
2014,2,추풍령,2.46
2014,2,춘천,1.72
2014,2,충주,1.42
2014,2,태백,3.13
2014,2,통영,3.48
2014,2,파주,1.64
2014,2,포항,2.53
2014,2,함양군,2.43
2014,2,합천,2.36
2014,2,해남,2.69
2014,2,홍천,1.5
2014,2,흑산도,2.35
2014,3,강릉,7.16
2014,3,강진군,9.37
2014,3,강화,3.62
2014,3,거제,13.73
2014,3,거창,8.2
2014,3,경주시,8.27
2014,3,고산,6.95
2014,3,고산(제주),6.35
2014,3,고창,8.89
2014,3,고창군,8.65
2014,3,고흥,11.73
2014,3,광양시,8.79
2014,3,광주,7.91
2014,3,구미,7.75
2014,3,군산,5.81
2014,3,금산,6.78
2014,3,김해시,11.21
2014,3,남원,7.8
2014,3,남해,12.61
2014,3,대관령,6.92
2014,3,대구,7.13
2014,3,대전,5.83
2014,3,동두천,4.59
2014,3,동해,6.5
2014,3,목포,5.07
2014,3,문경,5.09
2014,3,밀양,7.89
2014,3,백령도,2.08
2014,3,보령,4.61
2014,3,보성군,10.47
2014,3,보은,6.09
2014,3,봉화,5.89
2014,3,부산,10.22
2014,3,부안,7.1
2014,3,부여,6.06
2014,3,북강릉,6.74
2014,3,북창원,11.21
2014,3,산청,10.31
2014,3,상주,7.14
2014,3,서귀포,12.7
2014,3,서산,5.44
2014,3,서울,5.1
2014,3,성산,9.89
2014,3,속초,6.57
2014,3,수원,7.03
2014,3,순창군,9.33
2014,3,순천,14.17
2014,3,안동,5.87
2014,3,양산시,12.83
2014,3,양평,4.79
2014,3,여수,9.89
2014,3,영광군,9.85
2014,3,영덕,5.87
2014,3,영월,5.41
2014,3,영주,6.96
2014,3,영천,7.69
2014,3,완도,10.34
2014,3,울릉도,6.39
2014,3,울산,8.56
2014,3,울진,5.68
2014,3,원주,4.95
2014,3,의령군,8.97
2014,3,의성,5.59
2014,3,이천,4.21
2014,3,인제,4.53
2014,3,인천,4.82
2014,3,임실,8.24
2014,3,장수,8.2
2014,3,장흥,10.35
2014,3,전주,7.24
2014,3,정선군,6.2
2014,3,정읍,7.92
2014,3,제주,9.16
2014,3,제천,5.31
2014,3,진도군,5.79
2014,3,진주,9.74
2014,3,창원,10.05
2014,3,천안,6.54
2014,3,철원,3.96
2014,3,청송군,5.28
2014,3,청주,5.11
2014,3,추풍령,6.15
2014,3,춘천,4.09
2014,3,충주,5.43
2014,3,태백,6.41
2014,3,통영,9.69
2014,3,파주,3.79
2014,3,포항,7.17
2014,3,함양군,8.27
2014,3,합천,8.48
2014,3,해남,6.09
2014,3,홍천,4.9
2014,3,흑산도,7.25
2014,4,강릉,2.23
2014,4,강진군,2.49
2014,4,강화,1.15
2014,4,거제,3.05
2014,4,거창,2.11
2014,4,경주시,1.87
2014,4,고산,3.27
2014,4,고산(제주),1.35
2014,4,고창,2.55
2014,4,고창군,2.55
2014,4,고흥,2.24
2014,4,광양시,1.96
2014,4,광주,2.7
2014,4,구미,1.95
2014,4,군산,2.85
2014,4,금산,2.64
2014,4,김해시,2.05
2014,4,남원,2.3
2014,4,남해,3.27
2014,4,대관령,2.56
2014,4,대구,1.52
2014,4,대전,2.68
2014,4,동두천,1.07
2014,4,동해,2.74
2014,4,목포,3.12
2014,4,문경,2.6
2014,4,밀양,1.58
2014,4,백령도,0.7
2014,4,보령,2.85
2014,4,보성군,1.92
2014,4,보은,2.61
2014,4,봉화,1.81
2014,4,부산,2.44
2014,4,부안,2.9
2014,4,부여,2.88
2014,4,북강릉,2.07
2014,4,북창원,1.8
2014,4,산청,2.29
2014,4,상주,2.67
2014,4,서귀포,2.2
2014,4,서산,2.57
2014,4,서울,1.21
2014,4,성산,4.3
2014,4,속초,0.99
2014,4,수원,1.7
2014,4,순창군,2.67
2014,4,순천,2.48
2014,4,안동,2.18
2014,4,양산시,1.96
2014,4,양평,1.25
2014,4,여수,2.24
2014,4,영광군,2.73
2014,4,영덕,2.82
2014,4,영월,1.9
2014,4,영주,2.5
2014,4,영천,1.7
2014,4,완도,3.08
2014,4,울릉도,3.35
2014,4,울산,1.86
2014,4,울진,2.96
2014,4,원주,1.71
2014,4,의령군,1.95
2014,4,의성,1.63
2014,4,이천,1.73
2014,4,인제,1.07
2014,4,인천,1.42
2014,4,임실,2.58
2014,4,장수,2.65
2014,4,장흥,1.97
2014,4,전주,2.47
2014,4,정선군,1.58
2014,4,정읍,2.98
2014,4,제주,2.61
2014,4,제천,2.1
2014,4,진도군,2.81
2014,4,진주,2.76
2014,4,창원,1.83
2014,4,천안,2.04
2014,4,철원,1.2
2014,4,청송군,2.01
2014,4,청주,2.27
2014,4,추풍령,2.52
2014,4,춘천,1.15
2014,4,충주,2.18
2014,4,태백,2.29
2014,4,통영,2.78
2014,4,파주,1.23
2014,4,포항,2.01
2014,4,함양군,2.29
2014,4,합천,2.04
2014,4,해남,2.61
2014,4,홍천,0.97
2014,4,흑산도,2.04
2015,1,강릉,0.62
2015,1,강진군,1.09
2015,1,강화,0.42
2015,1,거제,2.03
2015,1,거창,1.06
2015,1,경주시,0.92
2015,1,고산,1.57
2015,1,고산(제주),2.36
2015,1,고창,1.15
2015,1,고창군,1.06
2015,1,고흥,1.78
2015,1,광양시,1.36
2015,1,광주,1.2
2015,1,구미,1.09
2015,1,군산,1.24
2015,1,금산,1.2
2015,1,김해시,1.28
2015,1,남원,0.98
2015,1,남해,2.71
2015,1,대관령,0.7
2015,1,대구,0.99
2015,1,대전,1.15
2015,1,동두천,0.55
2015,1,동해,0.61
2015,1,목포,1.12
2015,1,문경,1.01
2015,1,밀양,1.1
2015,1,백령도,0.47
2015,1,보령,0.94
2015,1,보성군,1.48
2015,1,보은,1.13
2015,1,봉화,0.62
2015,1,부산,1.75
2015,1,부안,1.17
2015,1,부여,1.26
2015,1,북강릉,0.68
2015,1,북창원,1.27
2015,1,산청,1.31
2015,1,상주,1.21
2015,1,서귀포,4.94
2015,1,서산,0.72
2015,1,서울,0.48
2015,1,성산,4.4
2015,1,속초,0.54
2015,1,수원,0.59
2015,1,순창군,1.04
2015,1,순천,1.55
2015,1,안동,0.81
2015,1,양산시,1.37
2015,1,양평,0.51
2015,1,여수,2.01
2015,1,영광군,1.04
2015,1,영덕,0.62
2015,1,영월,0.61
2015,1,영주,0.87
2015,1,영천,0.85
2015,1,완도,2.1
2015,1,울릉도,3.13
2015,1,울산,1.09
2015,1,울진,0.81
2015,1,원주,0.63
2015,1,의령군,1.27
2015,1,의성,0.82
2015,1,이천,0.81
2015,1,인제,0.45
2015,1,인천,0.48
2015,1,임실,0.89
2015,1,장수,1.13
2015,1,장흥,1.05
2015,1,전주,0.98
2015,1,정선군,0.63
2015,1,정읍,1.11
2015,1,제주,2.21
2015,1,제천,0.9
2015,1,진도군,1.32
2015,1,진주,1.89
2015,1,창원,1.49
2015,1,천안,0.64
2015,1,철원,0.54
2015,1,청송군,0.72
2015,1,청주,0.96
2015,1,추풍령,1.25
2015,1,춘천,0.66
2015,1,충주,0.78
2015,1,태백,0.54
2015,1,통영,2.44
2015,1,파주,0.57
2015,1,포항,0.96
2015,1,함양군,1.0
2015,1,합천,1.0
2015,1,해남,0.92
2015,1,홍천,0.34
2015,1,흑산도,1.17
2015,2,강릉,2.8
2015,2,강진군,4.79
2015,2,강화,1.33
2015,2,거제,7.14
2015,2,거창,3.1
2015,2,경주시,2.52
2015,2,고산,6.33
2015,2,고산(제주),6.81
2015,2,고창,3.31
2015,2,고창군,2.76
2015,2,고흥,6.21
2015,2,광양시,5.25
2015,2,광주,3.19
2015,2,구미,1.9
2015,2,군산,3.09
2015,2,금산,2.93
2015,2,김해시,3.87
2015,2,남원,2.77
2015,2,남해,7.21
2015,2,대관령,1.8
2015,2,대구,1.97
2015,2,대전,2.68
2015,2,동두천,2.04
2015,2,동해,2.28
2015,2,목포,3.9
2015,2,문경,2.41
2015,2,밀양,2.67
2015,2,백령도,1.11
2015,2,보령,2.77
2015,2,보성군,5.09
2015,2,보은,2.17
2015,2,봉화,2.1
2015,2,부산,5.72
2015,2,부안,3.23
2015,2,부여,2.7
2015,2,북강릉,2.65
2015,2,북창원,3.97
2015,2,산청,3.93
2015,2,상주,2.56
2015,2,서귀포,10.4
2015,2,서산,2.43
2015,2,서울,2.29
2015,2,성산,8.71
2015,2,속초,2.32
2015,2,수원,1.78
2015,2,순창군,3.37
2015,2,순천,4.55
2015,2,안동,2.51
2015,2,양산시,4.41
2015,2,양평,2.35
2015,2,여수,5.29
2015,2,영광군,3.3
2015,2,영덕,2.21
2015,2,영월,1.74
2015,2,영주,2.83
2015,2,영천,2.33
2015,2,완도,7.59
2015,2,울릉도,2.27
2015,2,울산,3.28
2015,2,울진,2.04
2015,2,원주,3.47
2015,2,의령군,3.62
2015,2,의성,1.88
2015,2,이천,2.65
2015,2,인제,1.63
2015,2,인천,1.62
2015,2,임실,2.35
2015,2,장수,2.99
2015,2,장흥,4.48
2015,2,전주,2.84
2015,2,정선군,1.93
2015,2,정읍,3.16
2015,2,제주,5.32
2015,2,제천,2.09
2015,2,진도군,5.77
2015,2,진주,4.94
2015,2,창원,4.48
2015,2,천안,2.21
2015,2,철원,2.35
2015,2,청송군,2.07
2015,2,청주,2.38
2015,2,추풍령,2.29
2015,2,춘천,2.07
2015,2,충주,2.05
2015,2,태백,2.57
2015,2,통영,6.01
2015,2,파주,1.9
2015,2,포항,2.74
2015,2,함양군,3.35
2015,2,합천,3.39
2015,2,해남,4.76
2015,2,홍천,1.97
2015,2,흑산도,4.08
2015,3,강릉,3.89
2015,3,강진군,5.08
2015,3,강화,2.87
2015,3,거제,6.88
2015,3,거창,4.62
2015,3,경주시,5.44
2015,3,고산,5.2
2015,3,고산(제주),5.15
2015,3,고창,3.13
2015,3,고창군,3.68
2015,3,고흥,5.42
2015,3,광양시,4.67
2015,3,광주,4.13
2015,3,구미,3.62
2015,3,군산,2.29
2015,3,금산,2.88
2015,3,김해시,4.55
2015,3,남원,3.04
2015,3,남해,6.85
2015,3,대관령,5.54
2015,3,대구,5.41
2015,3,대전,2.34
2015,3,동두천,5.76
2015,3,동해,3.95
2015,3,목포,3.54
2015,3,문경,2.43
2015,3,밀양,4.9
2015,3,백령도,3.61
2015,3,보령,1.5
2015,3,보성군,4.28
2015,3,보은,3.05
2015,3,봉화,2.2
2015,3,부산,5.23
2015,3,부안,2.45
2015,3,부여,2.16
2015,3,북강릉,3.16
2015,3,북창원,4.86
2015,3,산청,7.71
2015,3,상주,2.46
2015,3,서귀포,9.23
2015,3,서산,2.57
2015,3,서울,3.53
2015,3,성산,9.71
2015,3,속초,4.08
2015,3,수원,3.3
2015,3,순창군,3.84
2015,3,순천,5.58
2015,3,안동,3.22
2015,3,양산시,5.76
2015,3,양평,3.57
2015,3,여수,4.75
2015,3,영광군,3.1
2015,3,영덕,3.16
2015,3,영월,3.2
2015,3,영주,2.67
2015,3,영천,4.32
2015,3,완도,5.41
2015,3,울릉도,3.59
2015,3,울산,4.97
2015,3,울진,3.08
2015,3,원주,3.63
2015,3,의령군,4.83
2015,3,의성,2.27
2015,3,이천,3.08
2015,3,인제,4.16
2015,3,인천,2.55
2015,3,임실,2.85
2015,3,장수,3.09
2015,3,장흥,4.83
2015,3,전주,2.26
2015,3,정선군,3.12
2015,3,정읍,3.18
2015,3,제주,8.17
2015,3,제천,3.54
2015,3,진도군,5.01
2015,3,진주,5.17
2015,3,창원,4.38
2015,3,천안,2.5
2015,3,철원,6.86
2015,3,청송군,3.23
2015,3,청주,2.35
2015,3,추풍령,2.85
2015,3,춘천,3.1
2015,3,충주,3.12
2015,3,태백,4.08
2015,3,통영,5.17
2015,3,파주,3.1
2015,3,포항,4.15
2015,3,함양군,3.72
2015,3,합천,5.03
2015,3,해남,4.87
2015,3,홍천,3.87
2015,3,흑산도,3.24
2015,4,강릉,4.12
2015,4,강진군,2.59
2015,4,강화,2.45
2015,4,거제,3.41
2015,4,거창,2.48
2015,4,경주시,1.78
2015,4,고산,2.78
2015,4,고산(제주),2.6
2015,4,고창,2.86
2015,4,고창군,3.06
2015,4,고흥,1.7
2015,4,광양시,1.9
2015,4,광주,2.96
2015,4,구미,1.91
2015,4,군산,3.18
2015,4,금산,2.6
2015,4,김해시,1.61
2015,4,남원,2.71
2015,4,남해,2.82
2015,4,대관령,2.67
2015,4,대구,1.55
2015,4,대전,2.82
2015,4,동두천,2.44
2015,4,동해,3.1
2015,4,목포,2.82
2015,4,문경,2.52
2015,4,밀양,1.73
2015,4,백령도,1.36
2015,4,보령,3.38
2015,4,보성군,2.4
2015,4,보은,2.58
2015,4,봉화,1.52
2015,4,부산,2.58
2015,4,부안,3.26
2015,4,부여,3.16
2015,4,북강릉,4.62
2015,4,북창원,1.94
2015,4,산청,2.31
2015,4,상주,2.52
2015,4,서귀포,4.11
2015,4,서산,3.19
2015,4,서울,2.34
2015,4,성산,5.0
2015,4,속초,5.35
2015,4,수원,2.53
2015,4,순창군,3.34
2015,4,순천,2.88
2015,4,안동,1.72
2015,4,양산시,1.97
2015,4,양평,2.31
2015,4,여수,1.65
2015,4,영광군,3.09
2015,4,영덕,2.86
2015,4,영월,1.83
2015,4,영주,2.07
2015,4,영천,1.67
2015,4,완도,2.84
2015,4,울릉도,6.25
2015,4,울산,2.08
2015,4,울진,3.01
2015,4,원주,2.14
2015,4,의령군,2.06
2015,4,의성,1.55
2015,4,이천,2.65
2015,4,인제,2.0
2015,4,인천,2.46
2015,4,임실,3.12
2015,4,장수,3.86
2015,4,장흥,2.33
2015,4,전주,2.82
2015,4,정선군,2.23
2015,4,정읍,3.35
2015,4,제주,3.2
2015,4,제천,2.24
2015,4,진도군,2.46
2015,4,진주,2.49
2015,4,창원,1.81
2015,4,천안,2.6
2015,4,철원,2.19
2015,4,청송군,1.72
2015,4,청주,2.58
2015,4,추풍령,2.68
2015,4,춘천,2.45
2015,4,충주,2.04
2015,4,태백,2.45
2015,4,통영,2.42
2015,4,파주,2.25
2015,4,포항,2.2
2015,4,함양군,2.7
2015,4,합천,1.99
2015,4,해남,2.1
2015,4,홍성,3.83
2015,4,홍천,1.89
2015,4,흑산도,3.37
2016,1,강릉,1.16
2016,1,강진군,2.25
2016,1,강화,1.01
2016,1,거제,3.44
2016,1,거창,1.32
2016,1,경주시,1.28
2016,1,고산,1.89
2016,1,고산(제주),2.59
2016,1,고창,1.14
2016,1,고창군,1.15
2016,1,고흥,2.17
2016,1,광양시,2.35
2016,1,광주,1.65
2016,1,구미,1.0
2016,1,군산,1.24
2016,1,금산,1.23
2016,1,김해시,2.07
2016,1,남원,1.66
2016,1,남해,3.3
2016,1,대관령,0.66
2016,1,대구,1.17
2016,1,대전,1.07
2016,1,동두천,1.13
2016,1,동해,1.05
2016,1,목포,1.92
2016,1,문경,1.01
2016,1,밀양,1.76
2016,1,백령도,1.18
2016,1,보령,0.89
2016,1,보성군,2.56
2016,1,보은,1.04
2016,1,봉화,1.0
2016,1,부산,2.82
2016,1,부안,1.58
2016,1,부여,0.94
2016,1,북강릉,1.1
2016,1,북창원,1.9
2016,1,산청,1.68
2016,1,상주,1.15
2016,1,서귀포,3.92
2016,1,서산,1.19
2016,1,서울,0.98
2016,1,성산,5.25
2016,1,속초,0.84
2016,1,수원,1.23
2016,1,순창군,1.79
2016,1,순천,2.81
2016,1,안동,0.94
2016,1,양산시,2.44
2016,1,양평,0.55
2016,1,여수,2.23
2016,1,영광군,1.79
2016,1,영덕,0.63
2016,1,영월,0.87
2016,1,영주,1.0
2016,1,영천,1.27
2016,1,완도,2.27
2016,1,울릉도,3.46
2016,1,울산,1.93
2016,1,울진,0.88
2016,1,원주,0.92
2016,1,의령군,2.07
2016,1,의성,0.83
2016,1,이천,1.25
2016,1,인제,0.91
2016,1,인천,0.99
2016,1,임실,1.53
2016,1,장수,1.71
2016,1,장흥,2.14
2016,1,전주,1.36
2016,1,정선군,1.07
2016,1,정읍,1.87
2016,1,제주,2.88
2016,1,제천,1.04
2016,1,진도군,2.35
2016,1,진주,2.56
2016,1,창원,2.15
2016,1,천안,0.75
2016,1,철원,1.1
2016,1,청송군,0.8
2016,1,청주,0.71
2016,1,추풍령,1.22
2016,1,춘천,1.15
2016,1,충주,0.7
2016,1,태백,0.8
2016,1,통영,3.26
2016,1,파주,1.37
2016,1,포항,1.44
2016,1,함양군,1.31
2016,1,합천,1.65
2016,1,해남,1.91
2016,1,홍성,0.88
2016,1,홍천,0.83
2016,1,흑산도,1.13
2016,2,강릉,1.62
2016,2,강진군,6.0
2016,2,강화,3.34
2016,2,거제,6.56
2016,2,거창,3.06
2016,2,경주시,2.76
2016,2,고산,5.6
2016,2,고산(제주),5.32
2016,2,고창,3.92
2016,2,고창군,4.2
2016,2,고흥,5.61
2016,2,광양시,5.54
2016,2,광주,4.46
2016,2,구미,2.77
2016,2,군산,3.37
2016,2,금산,3.62
2016,2,김해시,4.56
2016,2,남원,3.68
2016,2,남해,8.51
2016,2,대관령,2.15
2016,2,대구,2.88
2016,2,대전,3.32
2016,2,동두천,2.94
2016,2,동해,1.19
2016,2,목포,4.9
2016,2,문경,3.19
2016,2,밀양,4.25
2016,2,백령도,2.4
2016,2,보령,3.03
2016,2,보성군,5.86
2016,2,보은,3.15
2016,2,봉화,2.49
2016,2,부산,4.64
2016,2,부안,3.53
2016,2,부여,3.69
2016,2,북강릉,1.86
2016,2,북창원,6.2
2016,2,산청,4.59
2016,2,상주,2.9
2016,2,서귀포,8.02
2016,2,서산,3.05
2016,2,서울,3.21
2016,2,성산,8.06
2016,2,속초,1.93
2016,2,수원,3.0
2016,2,순창군,4.27
2016,2,순천,5.06
2016,2,안동,2.43
2016,2,양산시,5.53
2016,2,양평,2.57
2016,2,여수,6.46
2016,2,영광군,4.32
2016,2,영덕,2.66
2016,2,영월,1.99
2016,2,영주,3.57
2016,2,영천,3.15
2016,2,완도,5.7
2016,2,울릉도,2.52
2016,2,울산,3.69
2016,2,울진,1.84
2016,2,원주,2.14
2016,2,의령군,4.4
2016,2,의성,2.78
2016,2,이천,2.24
2016,2,인제,2.56
2016,2,인천,2.73
2016,2,임실,3.98
2016,2,장수,3.9
2016,2,장흥,5.47
2016,2,전주,3.56
2016,2,정선군,2.28
2016,2,정읍,3.91
2016,2,제주,4.36
2016,2,제천,2.65
2016,2,진도군,6.12
2016,2,진주,6.24
2016,2,창원,5.45
2016,2,천안,2.88
2016,2,철원,2.92
2016,2,청송군,2.46
2016,2,청주,2.82
2016,2,추풍령,2.87
2016,2,춘천,3.3
2016,2,충주,2.27
2016,2,태백,2.4
2016,2,통영,5.3
2016,2,파주,3.03
2016,2,포항,2.72
2016,2,함양군,3.43
2016,2,합천,3.9
2016,2,해남,4.29
2016,2,홍성,2.86
2016,2,홍천,2.52
2016,2,흑산도,4.76
2016,3,강릉,8.82
2016,3,강진군,5.45
2016,3,강화,4.15
2016,3,거제,9.55
2016,3,거창,6.78
2016,3,경주시,7.29
2016,3,고산,5.29
2016,3,고산(제주),3.51
2016,3,고창,4.38
2016,3,고창군,4.56
2016,3,고흥,5.68
2016,3,광양시,5.5
2016,3,광주,6.89
2016,3,구미,7.38
2016,3,군산,5.75
2016,3,금산,7.0
2016,3,김해시,7.4
2016,3,남원,6.8
2016,3,남해,8.9
2016,3,대관령,8.52
2016,3,대구,7.55
2016,3,대전,6.75
2016,3,동두천,5.18
2016,3,동해,5.98
2016,3,목포,5.08
2016,3,문경,6.52
2016,3,밀양,8.43
2016,3,백령도,2.85
2016,3,보령,3.03
2016,3,보성군,5.78
2016,3,보은,7.58
2016,3,봉화,6.26
2016,3,부산,8.02
2016,3,부안,4.24
2016,3,부여,5.52
2016,3,북강릉,7.94
2016,3,북창원,8.84
2016,3,산청,7.36
2016,3,상주,6.43
2016,3,서귀포,6.18
2016,3,서산,4.16
2016,3,서울,4.98
2016,3,성산,5.74
2016,3,속초,8.59
2016,3,수원,4.98
2016,3,순창군,7.5
2016,3,순천,6.27
2016,3,안동,5.21
2016,3,양산시,8.2
2016,3,양평,5.53
2016,3,여수,5.53
2016,3,영광군,4.33
2016,3,영덕,6.15
2016,3,영월,5.58
2016,3,영주,7.18
2016,3,영천,6.68
2016,3,완도,5.58
2016,3,울릉도,9.42
2016,3,울산,7.49
2016,3,울진,7.4
2016,3,원주,4.96
2016,3,의령군,6.97
2016,3,의성,5.94
2016,3,이천,4.18
2016,3,인제,7.49
2016,3,인천,3.93
2016,3,임실,6.48
2016,3,장수,7.65
2016,3,장흥,5.35
2016,3,전주,4.71
2016,3,정선군,7.45
2016,3,정읍,5.61
2016,3,제주,3.77
2016,3,제천,6.31
2016,3,진도군,5.49
2016,3,진주,6.99
2016,3,창원,8.85
2016,3,천안,5.45
2016,3,철원,6.05
2016,3,청송군,6.06
2016,3,청주,5.08
2016,3,추풍령,6.33
2016,3,춘천,7.9
2016,3,충주,5.21
2016,3,태백,7.55
2016,3,통영,9.14
2016,3,파주,4.74
2016,3,포항,8.88
2016,3,함양군,5.33
2016,3,합천,7.95
2016,3,해남,4.61
2016,3,홍성,2.93
2016,3,홍천,5.75
2016,3,흑산도,4.55
2016,4,강릉,2.11
2016,4,강진군,3.99
2016,4,강화,3.51
2016,4,거제,5.16
2016,4,거창,2.25
2016,4,경주시,2.32
2016,4,고산,3.11
2016,4,고산(제주),2.72
2016,4,고창,2.48
2016,4,고창군,2.39
2016,4,고흥,4.46
2016,4,광양시,4.17
2016,4,광주,3.19
2016,4,구미,2.03
2016,4,군산,2.13
2016,4,금산,2.61
2016,4,김해시,3.8
2016,4,남원,3.0
2016,4,남해,5.5
2016,4,대관령,1.57
2016,4,대구,1.78
2016,4,대전,2.25
2016,4,동두천,2.62
2016,4,동해,1.86
2016,4,목포,3.38
2016,4,문경,2.3
2016,4,밀양,2.66
2016,4,백령도,1.59
2016,4,보령,1.72
2016,4,보성군,3.27
2016,4,보은,2.31
2016,4,봉화,1.64
2016,4,부산,3.73
2016,4,부안,2.39
2016,4,부여,2.18
2016,4,북강릉,2.23
2016,4,북창원,4.73
2016,4,북춘천,2.27
2016,4,산청,3.07
2016,4,상주,1.91
2016,4,서귀포,5.98
2016,4,서산,1.67
2016,4,서울,1.66
2016,4,성산,5.62
2016,4,속초,3.16
2016,4,수원,1.96
2016,4,순창군,2.91
2016,4,순천,3.5
2016,4,안동,1.62
2016,4,양산시,5.42
2016,4,양평,1.56
2016,4,여수,3.45
2016,4,영광군,2.77
2016,4,영덕,2.43
2016,4,영월,1.81
2016,4,영주,2.03
2016,4,영천,1.72
2016,4,완도,4.02
2016,4,울릉도,6.96
2016,4,울산,5.37
2016,4,울진,2.91
2016,4,원주,1.52
2016,4,의령군,2.65
2016,4,의성,1.56
2016,4,이천,1.82
2016,4,인제,1.96
2016,4,인천,1.78
2016,4,임실,2.48
2016,4,장수,2.95
2016,4,장흥,3.57
2016,4,전주,2.57
2016,4,정선군,1.99
2016,4,정읍,2.58
2016,4,제주,4.46
2016,4,제천,2.07
2016,4,진도군,3.19
2016,4,진주,3.16
2016,4,창원,4.21
2016,4,천안,1.89
2016,4,철원,2.81
2016,4,청송군,1.67
2016,4,청주,1.63
2016,4,추풍령,2.1
2016,4,춘천,2.2
2016,4,충주,1.82
2016,4,태백,1.69
2016,4,통영,4.06
2016,4,파주,3.56
2016,4,포항,3.48
2016,4,함양군,2.23
2016,4,합천,2.92
2016,4,해남,4.03
2016,4,홍성,1.63
2016,4,홍천,1.46
2016,4,흑산도,2.49
2017,1,강릉,1.12
2017,1,강진군,0.69
2017,1,강화,0.37
2017,1,거제,1.0
2017,1,거창,0.86
2017,1,경주시,0.51
2017,1,고산,0.87
2017,1,고산(제주),1.04
2017,1,고창,0.9
2017,1,고창군,0.94
2017,1,고흥,0.87
2017,1,광양시,0.79
2017,1,광주,0.96
2017,1,구미,0.67
2017,1,군산,0.74
2017,1,금산,1.09
2017,1,김해시,0.83
2017,1,남원,1.11
2017,1,남해,1.09
2017,1,대관령,0.53
2017,1,대구,0.74
2017,1,대전,0.76
2017,1,동두천,0.51
2017,1,동해,0.9
2017,1,목포,0.83
2017,1,문경,0.83
2017,1,밀양,0.73
2017,1,백령도,0.42
2017,1,보령,0.66
2017,1,보성군,0.84
2017,1,보은,0.89
2017,1,봉화,0.56
2017,1,부산,0.91
2017,1,부안,0.87
2017,1,부여,0.59
2017,1,북강릉,1.17
2017,1,북창원,0.79
2017,1,북춘천,0.5
2017,1,산청,0.98
2017,1,상주,0.71
2017,1,서귀포,1.86
2017,1,서산,0.64
2017,1,서울,0.38
2017,1,성산,2.25
2017,1,속초,1.49
2017,1,수원,0.57
2017,1,순창군,1.04
2017,1,순천,0.99
2017,1,안동,0.63
2017,1,양산시,0.73
2017,1,양평,0.43
2017,1,여수,0.79
2017,1,영광군,0.83
2017,1,영덕,0.52
2017,1,영월,0.75
2017,1,영주,0.65
2017,1,영천,0.7
2017,1,완도,0.94
2017,1,울릉도,4.77
2017,1,울산,0.74
2017,1,울진,1.22
2017,1,원주,0.63
2017,1,의령군,0.83
2017,1,의성,0.52
2017,1,이천,0.48
2017,1,인제,0.53
2017,1,인천,0.52
2017,1,임실,0.9
2017,1,장수,1.41
2017,1,장흥,0.82
2017,1,전주,1.0
2017,1,정선군,0.72
2017,1,정읍,1.14
2017,1,제주,1.53
2017,1,제천,0.71
2017,1,진도군,0.76
2017,1,진주,0.86
2017,1,창원,0.77
2017,1,천안,0.58
2017,1,철원,0.51
2017,1,청송군,0.49
2017,1,청주,0.66
2017,1,추풍령,1.07
2017,1,춘천,0.49
2017,1,충주,0.85
2017,1,태백,0.33
2017,1,통영,1.02
2017,1,파주,0.43
2017,1,포항,0.54
2017,1,함양군,0.64
2017,1,합천,0.63
2017,1,해남,0.63
2017,1,홍성,0.6
2017,1,홍천,0.41
2017,1,흑산도,0.62
2017,2,강릉,1.01
2017,2,강진군,1.43
2017,2,강화,1.47
2017,2,거제,3.69
2017,2,거창,1.47
2017,2,경주시,1.35
2017,2,고산,1.32
2017,2,고산(제주),2.54
2017,2,고창,1.06
2017,2,고창군,1.54
2017,2,고흥,4.16
2017,2,광양시,1.99
2017,2,광주,1.46
2017,2,구미,1.39
2017,2,군산,1.52
2017,2,금산,1.72
2017,2,김해시,2.52
2017,2,남원,1.26
2017,2,남해,2.95
2017,2,대관령,1.82
2017,2,대구,1.73
2017,2,대전,1.56
2017,2,동두천,1.55
2017,2,동해,1.37
2017,2,목포,0.98
2017,2,문경,1.85
2017,2,밀양,1.98
2017,2,백령도,0.46
2017,2,보령,1.51
2017,2,보성군,2.1
2017,2,보은,1.94
2017,2,봉화,1.6
2017,2,부산,2.13
2017,2,부안,1.37
2017,2,부여,1.82
2017,2,북강릉,1.03
2017,2,북창원,2.47
2017,2,북춘천,1.29
2017,2,산청,2.25
2017,2,상주,1.59
2017,2,서귀포,5.81
2017,2,서산,0.99
2017,2,서울,1.59
2017,2,성산,3.45
2017,2,속초,1.56
2017,2,수원,1.13
2017,2,순창군,1.44
2017,2,순천,1.81
2017,2,안동,1.42
2017,2,양산시,2.34
2017,2,양평,1.67
2017,2,여수,2.13
2017,2,영광군,1.23
2017,2,영덕,1.18
2017,2,영월,1.63
2017,2,영주,1.8
2017,2,영천,1.31
2017,2,완도,2.55
2017,2,울릉도,1.98
2017,2,울산,1.94
2017,2,울진,1.17
2017,2,원주,1.56
2017,2,의령군,2.32
2017,2,의성,1.61
2017,2,이천,1.24
2017,2,인제,2.18
2017,2,인천,1.41
2017,2,임실,1.64
2017,2,장수,2.17
2017,2,장흥,2.26
2017,2,전주,2.3
2017,2,정선군,1.95
2017,2,정읍,1.92
2017,2,제주,1.65
2017,2,제천,1.68
2017,2,진도군,1.0
2017,2,진주,2.1
2017,2,창원,2.4
2017,2,천안,0.8
2017,2,철원,1.91
2017,2,청송군,1.31
2017,2,청주,1.0
2017,2,추풍령,1.61
2017,2,춘천,1.84
2017,2,충주,1.62
2017,2,태백,2.31
2017,2,통영,2.77
2017,2,파주,1.68
2017,2,포항,1.23
2017,2,함양군,0.92
2017,2,합천,2.74
2017,2,해남,0.84
2017,2,홍성,1.04
2017,2,홍천,1.24
2017,2,흑산도,0.83
2017,3,강릉,7.91
2017,3,강진군,5.39
2017,3,강화,6.32
2017,3,거제,9.18
2017,3,거창,4.94
2017,3,경주시,3.9
2017,3,고산,5.09
2017,3,고산(제주),3.92
2017,3,고창,6.92
2017,3,고창군,8.24
2017,3,고흥,5.5
2017,3,광양시,4.54
2017,3,광주,6.53
2017,3,구미,4.7
2017,3,군산,5.17
2017,3,금산,6.88
2017,3,김해시,4.0
2017,3,남원,5.54
2017,3,남해,6.26
2017,3,대관령,7.8
2017,3,대구,4.07
2017,3,대전,9.13
2017,3,동두천,8.0
2017,3,동해,6.73
2017,3,목포,4.88
2017,3,문경,10.64
2017,3,밀양,2.63
2017,3,백령도,2.39
2017,3,보령,6.28
2017,3,보성군,5.44
2017,3,보은,10.83
2017,3,봉화,5.68
2017,3,부산,6.41
2017,3,부안,6.69
2017,3,부여,8.5
2017,3,북강릉,8.72
2017,3,북창원,6.21
2017,3,북춘천,9.65
2017,3,산청,4.09
2017,3,상주,7.24
2017,3,서귀포,4.2
2017,3,서산,6.49
2017,3,서울,10.36
2017,3,성산,10.47
2017,3,속초,8.11
2017,3,수원,11.63
2017,3,순창군,7.39
2017,3,순천,5.17
2017,3,안동,7.34
2017,3,양산시,3.88
2017,3,양평,9.83
2017,3,여수,6.4
2017,3,영광군,5.98
2017,3,영덕,6.5
2017,3,영월,7.69
2017,3,영주,7.99
2017,3,영천,5.04
2017,3,완도,5.58
2017,3,울릉도,2.95
2017,3,울산,3.83
2017,3,울진,5.34
2017,3,원주,8.64
2017,3,의령군,5.4
2017,3,의성,4.77
2017,3,이천,8.55
2017,3,인제,9.51
2017,3,인천,8.16
2017,3,임실,6.79
2017,3,장수,7.47
2017,3,장흥,6.13
2017,3,전주,6.31
2017,3,정선군,7.19
2017,3,정읍,6.08
2017,3,제주,3.02
2017,3,제천,8.4
2017,3,진도군,5.21
2017,3,진주,4.12
2017,3,창원,5.38
2017,3,천안,12.21
2017,3,철원,10.4
2017,3,청송군,5.9
2017,3,청주,11.88
2017,3,추풍령,6.39
2017,3,춘천,9.84
2017,3,충주,8.53
2017,3,태백,6.89
2017,3,통영,8.21
2017,3,파주,7.67
2017,3,포항,4.58
2017,3,함양군,4.25
2017,3,합천,4.11
2017,3,해남,4.87
2017,3,홍성,8.53
2017,3,홍천,10.38
2017,3,흑산도,5.32
2017,4,강릉,1.76
2017,4,강진군,1.57
2017,4,강화,0.67
2017,4,거제,1.53
2017,4,거창,1.27
2017,4,경주시,0.68
2017,4,고산,1.61
2017,4,고산(제주),1.91
2017,4,고창,0.95
2017,4,고창군,0.88
2017,4,고흥,1.65
2017,4,광양시,1.68
2017,4,광주,1.26
2017,4,구미,0.75
2017,4,군산,1.02
2017,4,금산,0.87
2017,4,김해시,0.91
2017,4,남원,1.39
2017,4,남해,2.34
2017,4,대관령,1.02
2017,4,대구,0.71
2017,4,대전,0.84
2017,4,동두천,0.73
2017,4,동해,1.74
2017,4,목포,1.19
2017,4,문경,0.77
2017,4,밀양,0.77
2017,4,백령도,0.38
2017,4,보령,0.88
2017,4,보성군,1.64
2017,4,보은,0.76
2017,4,봉화,0.84
2017,4,부산,1.62
2017,4,부안,0.96
2017,4,부여,1.2
2017,4,북강릉,1.86
2017,4,북창원,0.85
2017,4,북춘천,0.9
2017,4,산청,1.1
2017,4,상주,0.86
2017,4,서귀포,2.73
2017,4,서산,0.94
2017,4,서울,1.11
2017,4,성산,4.75
2017,4,속초,2.03
2017,4,수원,1.14
2017,4,순창군,1.29
2017,4,순천,1.68
2017,4,안동,0.85
2017,4,양산시,0.92
2017,4,양평,1.02
2017,4,여수,1.8
2017,4,영광군,1.14
2017,4,영덕,1.39
2017,4,영월,0.79
2017,4,영주,1.06
2017,4,영천,0.74
2017,4,완도,1.4
2017,4,울릉도,3.27
2017,4,울산,0.82
2017,4,울진,1.63
2017,4,원주,0.76
2017,4,의령군,1.02
2017,4,의성,0.65
2017,4,이천,0.84
2017,4,인제,0.97
2017,4,인천,1.13
2017,4,임실,1.12
2017,4,장수,1.28
2017,4,장흥,1.37
2017,4,전주,0.74
2017,4,정선군,0.75
2017,4,정읍,1.11
2017,4,제주,2.25
2017,4,제천,0.88
2017,4,진도군,1.59
2017,4,진주,1.3
2017,4,창원,1.05
2017,4,천안,0.62
2017,4,철원,0.62
2017,4,청송군,0.85
2017,4,청주,0.63
2017,4,추풍령,0.99
2017,4,춘천,1.09
2017,4,충주,0.7
2017,4,태백,0.66
2017,4,통영,1.64
2017,4,파주,0.56
2017,4,포항,1.0
2017,4,함양군,0.89
2017,4,합천,1.04
2017,4,해남,1.57
2017,4,홍성,0.82
2017,4,홍천,0.95
2017,4,흑산도,1.37
2018,1,강릉,1.65
2018,1,강진군,2.32
2018,1,강화,0.75
2018,1,거제,4.08
2018,1,거창,1.79
2018,1,경주시,2.1
2018,1,고산,2.52
2018,1,고산(제주),2.49
2018,1,고창,1.89
2018,1,고창군,1.82
2018,1,고흥,2.86
2018,1,광양시,2.47
2018,1,광주,1.96
2018,1,구미,2.03
2018,1,군산,1.75
2018,1,금산,1.61
2018,1,김해시,2.66
2018,1,남원,1.83
2018,1,남해,4.13
2018,1,대관령,1.34
2018,1,대구,1.61
2018,1,대전,1.92
2018,1,동두천,0.85
2018,1,동해,1.7
2018,1,목포,2.78
2018,1,문경,1.86
2018,1,밀양,1.96
2018,1,백령도,0.4
2018,1,보령,1.56
2018,1,보성군,2.43
2018,1,보은,1.63
2018,1,봉화,1.09
2018,1,부산,3.33
2018,1,부안,1.83
2018,1,부여,1.86
2018,1,북강릉,1.32
2018,1,북창원,2.67
2018,1,북춘천,0.79
2018,1,산청,1.73
2018,1,상주,2.04
2018,1,서귀포,2.51
2018,1,서산,1.53
2018,1,서울,0.97
2018,1,성산,4.53
2018,1,속초,1.26
2018,1,수원,1.37
2018,1,순창군,1.74
2018,1,순천,2.26
2018,1,안동,1.41
2018,1,양산시,2.58
2018,1,양평,1.2
2018,1,여수,3.13
2018,1,영광군,2.04
2018,1,영덕,1.64
2018,1,영월,1.0
2018,1,영주,1.54
2018,1,영천,1.76
2018,1,완도,3.04
2018,1,울릉도,3.95
2018,1,울산,2.57
2018,1,울진,1.92
2018,1,원주,0.95
2018,1,의령군,2.31
2018,1,의성,1.62
2018,1,이천,1.26
2018,1,인제,0.58
2018,1,인천,1.22
2018,1,임실,1.74
2018,1,장수,1.97
2018,1,장흥,2.2
2018,1,전주,1.64
2018,1,정선군,1.13
2018,1,정읍,2.04
2018,1,제주,2.92
2018,1,제천,1.03
2018,1,진도군,2.41
2018,1,진주,2.67
2018,1,창원,2.73
2018,1,천안,1.2
2018,1,철원,0.62
2018,1,청송군,1.58
2018,1,청주,1.44
2018,1,추풍령,2.24
2018,1,춘천,0.84
2018,1,충주,1.39
2018,1,태백,1.54
2018,1,통영,3.3
2018,1,파주,0.79
2018,1,포항,2.3
2018,1,함양군,2.05
2018,1,합천,1.99
2018,1,해남,2.41
2018,1,홍성,1.33
2018,1,홍천,0.79
2018,1,흑산도,1.91
2018,2,강릉,3.88
2018,2,강진군,5.51
2018,2,강화,4.0
2018,2,거제,10.53
2018,2,거창,3.75
2018,2,경주시,3.4
2018,2,고산,5.05
2018,2,고산(제주),6.8
2018,2,고창,3.68
2018,2,고창군,4.38
2018,2,고흥,5.54
2018,2,광양시,5.92
2018,2,광주,4.78
2018,2,구미,4.18
2018,2,군산,3.99
2018,2,금산,3.92
2018,2,김해시,4.88
2018,2,남원,5.21
2018,2,남해,7.71
2018,2,대관령,4.56
2018,2,대구,3.67
2018,2,대전,4.03
2018,2,동두천,6.18
2018,2,동해,2.55
2018,2,목포,4.62
2018,2,문경,3.83
2018,2,밀양,3.74
2018,2,백령도,2.79
2018,2,보령,3.34
2018,2,보성군,5.66
2018,2,보은,3.5
2018,2,봉화,4.12
2018,2,부산,6.47
2018,2,부안,3.76
2018,2,부여,4.17
2018,2,북강릉,3.62
2018,2,북창원,4.87
2018,2,북춘천,4.46
2018,2,산청,4.38
2018,2,상주,3.55
2018,2,서귀포,10.69
2018,2,서산,4.87
2018,2,서울,5.76
2018,2,성산,8.39
2018,2,속초,3.43
2018,2,수원,4.75
2018,2,순창군,5.64
2018,2,순천,4.42
2018,2,안동,3.25
2018,2,양산시,4.97
2018,2,양평,4.98
2018,2,여수,6.06
2018,2,영광군,4.15
2018,2,영덕,2.75
2018,2,영월,3.7
2018,2,영주,4.58
2018,2,영천,3.3
2018,2,완도,5.63
2018,2,울릉도,3.81
2018,2,울산,3.81
2018,2,울진,2.64
2018,2,원주,5.01
2018,2,의령군,4.1
2018,2,의성,3.26
2018,2,이천,4.83
2018,2,인제,4.16
2018,2,인천,4.56
2018,2,임실,4.49
2018,2,장수,5.15
2018,2,장흥,4.55
2018,2,전주,3.93
2018,2,정선군,4.45
2018,2,정읍,3.89
2018,2,제주,4.64
2018,2,제천,4.66
2018,2,진도군,5.26
2018,2,진주,4.72
2018,2,창원,5.05
2018,2,천안,3.17
2018,2,철원,5.77
2018,2,청송군,3.13
2018,2,청주,3.17
2018,2,추풍령,3.33
2018,2,춘천,4.9
2018,2,충주,3.86
2018,2,태백,3.57
2018,2,통영,7.74
2018,2,파주,5.14
2018,2,포항,2.94
2018,2,함양군,4.53
2018,2,합천,3.84
2018,2,해남,4.77
2018,2,홍성,3.91
2018,2,홍천,5.65
2018,2,흑산도,4.8
2018,3,강릉,8.43
2018,3,강진군,6.46
2018,3,강화,5.45
2018,3,거제,8.89
2018,3,거창,5.53
2018,3,경주시,5.92
2018,3,고산,4.39
2018,3,고산(제주),3.09
2018,3,고창,6.21
2018,3,고창군,5.84
2018,3,고흥,4.91
2018,3,광양시,6.57
2018,3,광주,6.64
2018,3,구미,7.07
2018,3,군산,9.67
2018,3,금산,7.71
2018,3,김해시,6.47
2018,3,남원,6.83
2018,3,남해,7.84
2018,3,대관령,10.5
2018,3,대구,6.66
2018,3,대전,8.53
2018,3,동두천,7.4
2018,3,동해,7.73
2018,3,목포,5.06
2018,3,문경,6.68
2018,3,밀양,6.69
2018,3,백령도,4.57
2018,3,보령,7.18
2018,3,보성군,4.77
2018,3,보은,8.1
2018,3,봉화,7.17
2018,3,부산,6.52
2018,3,부안,6.79
2018,3,부여,7.11
2018,3,북강릉,8.78
2018,3,북창원,7.6
2018,3,북춘천,6.6
2018,3,산청,8.18
2018,3,상주,6.61
2018,3,서귀포,7.14
2018,3,서산,4.27
2018,3,서울,4.96
2018,3,성산,7.48
2018,3,속초,9.53
2018,3,수원,5.47
2018,3,순창군,7.08
2018,3,순천,7.38
2018,3,안동,5.41
2018,3,양산시,6.52
2018,3,양평,6.55
2018,3,여수,5.66
2018,3,영광군,5.68
2018,3,영덕,5.96
2018,3,영월,7.82
2018,3,영주,8.83
2018,3,영천,5.51
2018,3,완도,4.19
2018,3,울릉도,3.78
2018,3,울산,6.48
2018,3,울진,6.35
2018,3,원주,5.74
2018,3,의령군,7.97
2018,3,의성,5.21
2018,3,이천,7.09
2018,3,인제,6.65
2018,3,인천,4.45
2018,3,임실,7.78
2018,3,장수,8.73
2018,3,장흥,5.81
2018,3,전주,6.95
2018,3,정선군,7.55
2018,3,정읍,5.88
2018,3,제주,6.66
2018,3,제천,7.58
2018,3,진도군,6.45
2018,3,진주,7.12
2018,3,창원,6.59
2018,3,천안,6.45
2018,3,철원,8.22
2018,3,청송군,5.36
2018,3,청주,8.44
2018,3,추풍령,5.99
2018,3,춘천,7.32
2018,3,충주,7.47
2018,3,태백,7.64
2018,3,통영,9.2
2018,3,파주,3.34
2018,3,포항,5.43
2018,3,함양군,8.25
2018,3,합천,7.22
2018,3,해남,3.82
2018,3,홍성,5.68
2018,3,홍천,6.33
2018,3,흑산도,7.55
2018,4,강릉,3.5
2018,4,강진군,3.58
2018,4,강화,1.51
2018,4,거제,3.96
2018,4,거창,2.22
2018,4,경주시,2.83
2018,4,고산,3.31
2018,4,고산(제주),2.37
2018,4,고창,2.62
2018,4,고창군,2.34
2018,4,고흥,2.66
2018,4,광양시,3.27
2018,4,광주,2.23
2018,4,구미,2.14
2018,4,군산,2.47
2018,4,금산,2.02
2018,4,김해시,2.08
2018,4,남원,1.79
2018,4,남해,4.44
2018,4,대관령,2.5
2018,4,대구,2.24
2018,4,대전,2.36
2018,4,동두천,1.96
2018,4,동해,3.69
2018,4,목포,2.48
2018,4,문경,2.5
2018,4,밀양,2.23
2018,4,백령도,1.31
2018,4,보령,2.53
2018,4,보성군,2.8
2018,4,보은,2.16
2018,4,봉화,1.72
2018,4,부산,3.15
2018,4,부안,2.47
2018,4,부여,2.79
2018,4,북강릉,3.18
2018,4,북창원,2.96
2018,4,북춘천,1.92
2018,4,산청,3.2
2018,4,상주,2.63
2018,4,서귀포,3.38
2018,4,서산,2.76
2018,4,서울,2.35
2018,4,성산,3.12
2018,4,속초,5.17
2018,4,수원,2.55
2018,4,순창군,2.2
2018,4,순천,2.7
2018,4,안동,1.72
2018,4,양산시,3.31
2018,4,양평,2.09
2018,4,여수,2.44
2018,4,영광군,3.2
2018,4,영덕,4.56
2018,4,영월,2.33
2018,4,영주,2.43
2018,4,영천,2.0
2018,4,완도,2.83
2018,4,울릉도,5.83
2018,4,울산,2.63
2018,4,울진,4.78
2018,4,원주,1.74
2018,4,의령군,2.7
2018,4,의성,1.72
2018,4,이천,2.4
2018,4,인제,1.87
2018,4,인천,2.17
2018,4,임실,2.04
2018,4,장수,2.34
2018,4,장흥,2.87
2018,4,전주,2.03
2018,4,정선군,2.39
2018,4,정읍,2.46
2018,4,제주,5.13
2018,4,제천,2.13
2018,4,진도군,3.26
2018,4,진주,3.05
2018,4,창원,2.14
2018,4,천안,1.89
2018,4,철원,1.56
2018,4,청송군,2.39
2018,4,청주,2.03
2018,4,추풍령,2.7
2018,4,춘천,2.26
2018,4,충주,2.01
2018,4,태백,3.51
2018,4,통영,2.95
2018,4,파주,1.78
2018,4,포항,3.37
2018,4,함양군,3.38
2018,4,합천,3.12
2018,4,해남,3.2
2018,4,홍성,3.28
2018,4,홍천,1.97
2018,4,흑산도,2.31
2019,1,강릉,0.93
2019,1,강진군,1.13
2019,1,강화,0.43
2019,1,거제,1.79
2019,1,거창,0.87
2019,1,경주시,0.76
2019,1,고산,1.12
2019,1,고산(제주),1.08
2019,1,고창,0.71
2019,1,고창군,0.71
2019,1,고흥,1.39
2019,1,광양시,1.16
2019,1,광주,0.97
2019,1,구미,0.56
2019,1,군산,0.84
2019,1,금산,0.9
2019,1,김해시,1.47
2019,1,남원,1.03
2019,1,남해,1.75
2019,1,대관령,0.73
2019,1,대구,0.63
2019,1,대전,0.91
2019,1,동두천,0.66
2019,1,동해,0.9
2019,1,목포,0.9
2019,1,문경,0.68
2019,1,밀양,0.97
2019,1,백령도,0.5
2019,1,보령,0.42
2019,1,보성군,1.53
2019,1,보은,0.77
2019,1,봉화,0.76
2019,1,부산,1.55
2019,1,부안,0.71
2019,1,부여,0.81
2019,1,북강릉,0.78
2019,1,북창원,1.39
2019,1,북춘천,0.65
2019,1,산청,1.0
2019,1,상주,0.75
2019,1,서귀포,1.38
2019,1,서산,0.83
2019,1,서울,0.56
2019,1,성산,2.52
2019,1,속초,0.9
2019,1,수원,0.82
2019,1,순창군,0.98
2019,1,순천,1.06
2019,1,안동,0.74
2019,1,양산시,1.51
2019,1,양평,0.73
2019,1,여수,1.36
2019,1,영광군,0.8
2019,1,영덕,0.5
2019,1,영월,0.86
2019,1,영주,0.87
2019,1,영천,0.64
2019,1,완도,1.45
2019,1,울릉도,2.72
2019,1,울산,1.06
2019,1,울진,0.93
2019,1,원주,0.77
2019,1,의령군,1.01
2019,1,의성,0.56
2019,1,이천,0.84
2019,1,인제,0.7
2019,1,인천,0.62
2019,1,임실,0.85
2019,1,장수,1.23
2019,1,장흥,1.3
2019,1,전주,0.95
2019,1,정선군,0.98
2019,1,정읍,0.83
2019,1,제주,1.31
2019,1,제천,0.88
2019,1,진도군,1.03
2019,1,진주,1.1
2019,1,창원,1.21
2019,1,천안,0.59
2019,1,철원,0.49
2019,1,청송군,0.79
2019,1,청주,0.48
2019,1,추풍령,0.8
2019,1,춘천,0.77
2019,1,충주,0.68
2019,1,태백,0.67
2019,1,통영,1.52
2019,1,파주,0.54
2019,1,포항,0.76
2019,1,함양군,1.04
2019,1,합천,0.88
2019,1,해남,1.08
2019,1,홍성,0.67
2019,1,홍천,0.65
2019,1,흑산도,0.77
2019,2,강릉,2.44
2019,2,강진군,5.59
2019,2,강화,1.26
2019,2,거제,7.86
2019,2,거창,3.51
2019,2,경주시,3.09
2019,2,고산,4.54
2019,2,고산(제주),3.55
2019,2,고창,2.3
2019,2,고창군,2.41
2019,2,고흥,5.3
2019,2,광양시,5.37
2019,2,광주,3.53
2019,2,구미,3.03
2019,2,군산,2.17
2019,2,금산,2.62
2019,2,김해시,5.04
2019,2,남원,3.84
2019,2,남해,8.57
2019,2,대관령,2.57
2019,2,대구,3.02
2019,2,대전,2.25
2019,2,동두천,1.46
2019,2,동해,2.54
2019,2,목포,4.19
2019,2,문경,2.65
2019,2,밀양,3.76
2019,2,백령도,1.11
2019,2,보령,1.75
2019,2,보성군,5.74
2019,2,보은,2.39
2019,2,봉화,2.87
2019,2,부산,5.33
2019,2,부안,2.79
2019,2,부여,1.95
2019,2,북강릉,2.23
2019,2,북창원,5.78
2019,2,북춘천,1.87
2019,2,산청,4.38
2019,2,상주,2.95
2019,2,서귀포,7.2
2019,2,서산,1.32
2019,2,서울,1.75
2019,2,성산,6.04
2019,2,세종,3.35
2019,2,속초,2.03
2019,2,수원,1.53
2019,2,순창군,3.7
2019,2,순천,5.06
2019,2,안동,2.47
2019,2,양산시,4.66
2019,2,양평,1.57
2019,2,여수,5.66
2019,2,영광군,2.65
2019,2,영덕,4.07
2019,2,영월,2.25
2019,2,영주,2.31
2019,2,영천,3.79
2019,2,완도,6.37
2019,2,울릉도,3.71
2019,2,울산,4.08
2019,2,울진,2.92
2019,2,원주,1.36
2019,2,의령군,3.99
2019,2,의성,2.45
2019,2,이천,1.6
2019,2,인제,1.69
2019,2,인천,1.36
2019,2,임실,2.71
2019,2,장수,3.65
2019,2,장흥,5.35
2019,2,전주,2.56
2019,2,정선군,1.82
2019,2,정읍,2.45
2019,2,제주,2.58
2019,2,제천,1.91
2019,2,진도군,5.33
2019,2,진주,5.39
2019,2,창원,6.0
2019,2,천안,1.58
2019,2,철원,1.23
2019,2,청송군,3.26
2019,2,청주,1.8
2019,2,추풍령,2.8
2019,2,춘천,1.68
2019,2,충주,1.47
2019,2,태백,2.39
2019,2,통영,6.73
2019,2,파주,1.52
2019,2,포항,3.3
2019,2,함양군,3.58
2019,2,합천,4.17
2019,2,해남,2.25
2019,2,홍성,1.26
2019,2,홍천,1.52
2019,2,흑산도,4.21
2019,3,강릉,7.81
2019,3,강진군,6.82
2019,3,강화,8.58
2019,3,거제,11.77
2019,3,거창,6.74
2019,3,경주시,6.49
2019,3,고산,7.38
2019,3,고산(제주),9.92
2019,3,고창,6.84
2019,3,고창군,7.0
2019,3,고흥,8.03
2019,3,광양시,7.91
2019,3,광주,5.14
2019,3,구미,5.87
2019,3,군산,5.3
2019,3,금산,5.25
2019,3,김해시,7.32
2019,3,남원,7.02
2019,3,남해,10.01
2019,3,대관령,6.97
2019,3,대구,5.07
2019,3,대전,5.11
2019,3,동두천,7.74
2019,3,동해,6.49
2019,3,목포,6.21
2019,3,문경,6.19
2019,3,밀양,5.79
2019,3,백령도,3.54
2019,3,보령,4.34
2019,3,보성군,6.46
2019,3,보은,5.92
2019,3,봉화,5.37
2019,3,부산,8.63
2019,3,부안,6.48
2019,3,부여,5.55
2019,3,북강릉,7.95
2019,3,북창원,8.18
2019,3,북춘천,6.38
2019,3,산청,9.89
2019,3,상주,5.3
2019,3,서귀포,12.66
2019,3,서산,5.18
2019,3,서울,5.7
2019,3,성산,16.38
2019,3,세종,6.8
2019,3,속초,8.02
2019,3,수원,5.55
2019,3,순창군,6.77
2019,3,순천,8.11
2019,3,안동,4.23
2019,3,양산시,8.05
2019,3,양평,7.23
2019,3,여수,7.07
2019,3,영광군,7.08
2019,3,영덕,4.98
2019,3,영월,4.07
2019,3,영주,5.12
2019,3,영천,4.75
2019,3,완도,7.84
2019,3,울릉도,4.38
2019,3,울산,7.5
2019,3,울진,5.01
2019,3,원주,4.9
2019,3,의령군,5.47
2019,3,의성,4.24
2019,3,이천,6.47
2019,3,인제,5.01
2019,3,인천,6.45
2019,3,임실,6.01
2019,3,장수,6.81
2019,3,장흥,6.66
2019,3,전주,5.31
2019,3,정선군,4.45
2019,3,정읍,8.26
2019,3,제주,14.82
2019,3,제천,4.59
2019,3,진도군,7.44
2019,3,진주,7.08
2019,3,창원,6.58
2019,3,천안,4.65
2019,3,철원,7.19
2019,3,청송군,4.23
2019,3,청주,4.79
2019,3,추풍령,6.47
2019,3,춘천,6.23
2019,3,충주,4.67
2019,3,태백,7.28
2019,3,통영,7.02
2019,3,파주,7.66
2019,3,포항,6.52
2019,3,함양군,8.38
2019,3,합천,7.08
2019,3,해남,7.02
2019,3,홍성,5.66
2019,3,홍천,5.98
2019,3,흑산도,4.63
2019,4,강릉,7.02
2019,4,강진군,2.65
2019,4,강화,1.48
2019,4,거제,3.37
2019,4,거창,2.33
2019,4,경주시,3.18
2019,4,고산(제주),2.47
2019,4,고창,2.14
2019,4,고창군,2.11
2019,4,고흥,3.59
2019,4,광양시,2.67
2019,4,광주,2.22
2019,4,구미,2.89
2019,4,군산,2.68
2019,4,금산,1.96
2019,4,김해시,2.5
2019,4,남원,2.66
2019,4,남해,3.4
2019,4,대관령,2.8
2019,4,대구,2.15
2019,4,대전,2.47
2019,4,동두천,1.34
2019,4,동해,6.78
2019,4,목포,2.33
2019,4,문경,2.29
2019,4,밀양,2.37
2019,4,백령도,1.35
2019,4,보령,2.45
2019,4,보성군,2.97
2019,4,보은,2.33
2019,4,봉화,1.98
2019,4,부산,2.22
2019,4,부안,1.88
2019,4,부여,2.5
2019,4,북강릉,6.15
2019,4,북창원,2.96
2019,4,북춘천,1.27
2019,4,산청,4.04
2019,4,상주,2.61
2019,4,서귀포,2.9
2019,4,서산,2.64
2019,4,서울,1.71
2019,4,성산,4.06
2019,4,세종,2.5
2019,4,속초,3.83
2019,4,수원,2.09
2019,4,순창군,2.6
2019,4,순천,2.9
2019,4,안동,2.04
2019,4,양산시,2.56
2019,4,양평,1.79
2019,4,여수,2.63
2019,4,영광군,2.61
2019,4,영덕,6.32
2019,4,영월,1.89
2019,4,영주,2.58
2019,4,영천,2.16
2019,4,완도,2.87
2019,4,울릉도,4.15
2019,4,울산,3.2
2019,4,울진,8.38
2019,4,원주,1.4
2019,4,의령군,3.44
2019,4,의성,1.82
2019,4,이천,1.97
2019,4,인제,1.1
2019,4,인천,1.59
2019,4,임실,2.11
2019,4,장수,2.11
2019,4,장흥,3.28
2019,4,전주,1.76
2019,4,정선군,1.48
2019,4,정읍,2.06
2019,4,제주,2.87
2019,4,제천,1.82
2019,4,진도군,3.01
2019,4,진주,2.61
2019,4,창원,3.54
2019,4,천안,2.4
2019,4,철원,1.13
2019,4,청송군,2.45
2019,4,청주,2.28
2019,4,추풍령,2.63
2019,4,춘천,1.39
2019,4,충주,1.86
2019,4,태백,2.42
2019,4,통영,3.15
2019,4,파주,1.42
2019,4,포항,4.96
2019,4,함양군,2.98
2019,4,합천,3.34
2019,4,해남,2.98
2019,4,홍성,2.46
2019,4,홍천,1.35
2019,4,흑산도,2.28
2020,1,강릉,2.55
2020,1,강진군,1.91
2020,1,강화,1.24
2020,1,거제,3.27
2020,1,거창,1.78
2020,1,경주시,2.52
2020,1,고산(제주),1.97
2020,1,고창,1.57
2020,1,고창군,1.67
2020,1,고흥,1.85
2020,1,광양시,1.77
2020,1,광주,1.83
2020,1,구미,1.51
2020,1,군산,1.63
2020,1,금산,2.04
2020,1,김해시,2.47
2020,1,남원,1.76
2020,1,남해,3.44
2020,1,대관령,1.88
2020,1,대구,1.48
2020,1,대전,2.13
2020,1,동두천,1.6
2020,1,동해,2.42
2020,1,목포,1.43
2020,1,문경,1.63
2020,1,밀양,1.93
2020,1,백령도,0.84
2020,1,보령,1.62
2020,1,보성군,2.06
2020,1,보은,1.94
2020,1,봉화,1.42
2020,1,부산,3.09
2020,1,부안,1.76
2020,1,부여,2.1
2020,1,북강릉,2.44
2020,1,북창원,2.17
2020,1,북춘천,1.15
2020,1,산청,1.71
2020,1,상주,1.69
2020,1,서귀포,3.71
2020,1,서산,1.55
2020,1,서울,1.43
2020,1,성산,3.34
2020,1,세종,2.13
2020,1,속초,2.66
2020,1,수원,1.54
2020,1,순창군,2.0
2020,1,순천,2.05
2020,1,안동,1.32
2020,1,양산시,2.43
2020,1,양평,1.43
2020,1,여수,2.14
2020,1,영광군,1.71
2020,1,영덕,2.03
2020,1,영월,1.45
2020,1,영주,1.6
2020,1,영천,1.95
2020,1,완도,2.2
2020,1,울릉도,4.33
2020,1,울산,3.01
2020,1,울진,2.24
2020,1,원주,1.6
2020,1,의령군,1.88
2020,1,의성,1.44
2020,1,이천,1.68
2020,1,인제,1.59
2020,1,인천,1.2
2020,1,임실,1.96
2020,1,장수,2.39
2020,1,장흥,2.0
2020,1,전주,1.85
2020,1,정선군,1.95
2020,1,정읍,1.87
2020,1,제주,2.51
2020,1,제천,1.54
2020,1,진도군,1.35
2020,1,진주,2.12
2020,1,창원,2.36
2020,1,천안,1.59
2020,1,철원,1.58
2020,1,청송군,1.8
2020,1,청주,1.62
2020,1,추풍령,1.76
2020,1,춘천,1.63
2020,1,충주,1.57
2020,1,태백,1.54
2020,1,통영,2.87
2020,1,파주,1.63
2020,1,포항,2.65
2020,1,함양군,1.89
2020,1,합천,1.6
2020,1,해남,1.44
2020,1,홍성,2.03
2020,1,홍천,1.35
2020,1,흑산도,1.12
2020,2,강릉,4.74
2020,2,강진군,6.12
2020,2,강화,3.15
2020,2,거제,6.5
2020,2,거창,3.36
2020,2,경주시,3.07
2020,2,고산(제주),4.54
2020,2,고창,2.97
2020,2,고창군,3.07
2020,2,고흥,5.89
2020,2,광양시,6.42
2020,2,광주,3.87
2020,2,구미,3.32
2020,2,군산,3.47
2020,2,금산,3.85
2020,2,김해시,4.06
2020,2,남원,3.82
2020,2,남해,7.06
2020,2,대관령,3.59
2020,2,대구,2.81
2020,2,대전,3.19
2020,2,동두천,3.1
2020,2,동해,2.87
2020,2,목포,5.1
2020,2,문경,3.67
2020,2,밀양,3.29
2020,2,백령도,3.99
2020,2,보령,2.73
2020,2,보성군,7.61
2020,2,보은,3.25
2020,2,봉화,2.86
2020,2,부산,5.5
2020,2,부안,3.21
2020,2,부여,3.46
2020,2,북강릉,4.66
2020,2,북창원,3.57
2020,2,북춘천,2.4
2020,2,산청,3.63
2020,2,상주,3.68
2020,2,서귀포,8.04
2020,2,서산,2.92
2020,2,서울,2.95
2020,2,성산,7.25
2020,2,세종,3.55
2020,2,속초,6.1
2020,2,수원,2.25
2020,2,순창군,3.62
2020,2,순천,4.75
2020,2,안동,2.39
2020,2,양산시,3.78
2020,2,양평,2.44
2020,2,여수,6.45
2020,2,영광군,3.81
2020,2,영덕,2.88
2020,2,영월,1.75
2020,2,영주,3.47
2020,2,영천,2.47
2020,2,완도,7.57
2020,2,울릉도,2.97
2020,2,울산,3.77
2020,2,울진,2.64
2020,2,원주,1.6
2020,2,의령군,3.24
2020,2,의성,2.58
2020,2,이천,2.66
2020,2,인제,2.56
2020,2,인천,2.36
2020,2,임실,3.21
2020,2,장수,3.71
2020,2,장흥,5.8
2020,2,전주,3.18
2020,2,정선군,2.18
2020,2,정읍,2.53
2020,2,제주,3.56
2020,2,제천,2.61
2020,2,진도군,6.58
2020,2,진주,4.53
2020,2,창원,4.58
2020,2,천안,2.45
2020,2,철원,3.02
2020,2,청송군,2.28
2020,2,청주,2.49
2020,2,추풍령,3.16
2020,2,춘천,2.29
2020,2,충주,2.72
2020,2,태백,2.57
2020,2,통영,6.19
2020,2,파주,3.08
2020,2,포항,2.2
2020,2,함양군,3.23
2020,2,합천,3.47
2020,2,해남,5.52
2020,2,홍성,3.26
2020,2,홍천,2.3
2020,2,흑산도,6.16
2020,3,강릉,12.39
2020,3,강진군,9.48
2020,3,강화,10.66
2020,3,거제,16.33
2020,3,거창,13.25
2020,3,경주시,9.06
2020,3,고산(제주),6.11
2020,3,고창,11.35
2020,3,고창군,12.58
2020,3,고흥,8.39
2020,3,광양시,11.08
2020,3,광주,15.76
2020,3,구미,10.73
2020,3,군산,12.37
2020,3,금산,12.7
2020,3,김해시,11.02
2020,3,남원,15.68
2020,3,남해,13.0
2020,3,대관령,13.37
2020,3,대구,8.85
2020,3,대전,11.74
2020,3,동두천,12.35
2020,3,동해,8.93
2020,3,목포,8.49
2020,3,문경,12.7
2020,3,밀양,9.1
2020,3,백령도,8.15
2020,3,보령,9.18
2020,3,보성군,8.6
2020,3,보은,13.6
2020,3,봉화,9.36
2020,3,부산,15.51
2020,3,부안,12.56
2020,3,부여,11.62
2020,3,북강릉,12.48
2020,3,북창원,12.78
2020,3,북춘천,12.59
2020,3,산청,17.38
2020,3,상주,11.33
2020,3,서귀포,9.85
2020,3,서산,10.73
2020,3,서울,12.26
2020,3,성산,11.44
2020,3,세종,12.05
2020,3,속초,13.79
2020,3,수원,13.12
2020,3,순창군,16.86
2020,3,순천,13.44
2020,3,안동,9.1
2020,3,양산시,13.24
2020,3,양평,10.3
2020,3,여수,9.93
2020,3,영광군,12.83
2020,3,영덕,9.09
2020,3,영월,10.81
2020,3,영주,10.78
2020,3,영천,8.55
2020,3,완도,7.05
2020,3,울릉도,5.3
2020,3,울산,9.55
2020,3,울진,9.43
2020,3,원주,10.73
2020,3,의령군,13.3
2020,3,의성,7.75
2020,3,이천,13.29
2020,3,인제,10.72
2020,3,인천,9.76
2020,3,임실,14.17
2020,3,장수,16.05
2020,3,장흥,10.09
2020,3,전주,13.6
2020,3,정선군,9.51
2020,3,정읍,13.13
2020,3,제주,7.89
2020,3,제천,12.36
2020,3,진도군,7.93
2020,3,진주,12.44
2020,3,창원,10.42
2020,3,천안,10.93
2020,3,철원,13.62
2020,3,청송군,9.35
2020,3,청주,10.14
2020,3,추풍령,11.52
2020,3,춘천,12.01
2020,3,충주,10.92
2020,3,태백,12.14
2020,3,통영,13.25
2020,3,파주,12.06
2020,3,포항,8.4
2020,3,함양군,15.23
2020,3,합천,13.4
2020,3,해남,8.36
2020,3,홍성,11.53
2020,3,홍천,11.9
2020,3,흑산도,4.96
2020,4,강릉,0.1
2020,4,강진군,0.55
2020,4,강화,0.61
2020,4,거제,0.99
2020,4,거창,0.44
2020,4,경주시,0.32
2020,4,고산(제주),0.81
2020,4,고창,1.06
2020,4,고창군,0.9
2020,4,고흥,0.47
2020,4,광양시,0.62
2020,4,광주,0.64
2020,4,구미,0.46
2020,4,군산,0.69
2020,4,금산,0.59
2020,4,김해시,1.02
2020,4,남원,0.62
2020,4,남해,1.16
2020,4,대관령,0.31
2020,4,대구,0.43
2020,4,대전,0.53
2020,4,동두천,0.84
2020,4,동해,0.21
2020,4,목포,0.57
2020,4,문경,0.47
2020,4,밀양,0.94
2020,4,백령도,0.75
2020,4,보령,0.67
2020,4,보성군,0.49
2020,4,보은,0.5
2020,4,봉화,0.51
2020,4,부산,0.79
2020,4,부안,0.95
2020,4,부여,0.54
2020,4,북강릉,0.07
2020,4,북창원,1.09
2020,4,북춘천,0.87
2020,4,산청,0.57
2020,4,상주,0.35
2020,4,서귀포,1.24
2020,4,서산,1.02
2020,4,서울,1.36
2020,4,성산,1.09
2020,4,세종,0.65
2020,4,속초,0.21
2020,4,수원,0.91
2020,4,순창군,0.78
2020,4,순천,0.55
2020,4,안동,0.41
2020,4,양산시,1.19
2020,4,양평,0.73
2020,4,여수,0.62
2020,4,영광군,1.14
2020,4,영덕,0.29
2020,4,영월,0.64
2020,4,영주,0.51
2020,4,영천,0.49
2020,4,완도,0.46
2020,4,울릉도,3.38
2020,4,울산,0.68
2020,4,울진,0.27
2020,4,원주,0.42
2020,4,의령군,0.62
2020,4,의성,0.56
2020,4,이천,0.57
2020,4,인제,0.71
2020,4,인천,0.98
2020,4,임실,1.03
2020,4,장수,1.04
2020,4,장흥,0.59
2020,4,전주,0.78
2020,4,정선군,0.6
2020,4,정읍,1.2
2020,4,제주,1.21
2020,4,제천,0.4
2020,4,진도군,0.7
2020,4,진주,0.69
2020,4,창원,0.9
2020,4,천안,0.76
2020,4,철원,0.84
2020,4,청송군,0.59
2020,4,청주,0.56
2020,4,추풍령,0.5
2020,4,춘천,0.97
2020,4,충주,0.56
2020,4,태백,0.42
2020,4,통영,1.02
2020,4,파주,0.8
2020,4,포항,0.27
2020,4,함양군,0.47
2020,4,합천,0.43
2020,4,해남,0.52
2020,4,홍성,0.73
2020,4,홍천,0.63
2020,4,흑산도,0.73
2021,1,강릉,1.54
2021,1,강진군,2.5
2021,1,강화,1.43
2021,1,거제,3.18
2021,1,거창,1.35
2021,1,경주시,1.44
2021,1,고산(제주),2.51
2021,1,고창,1.84
2021,1,고창군,1.07
2021,1,고흥,2.05
2021,1,광양시,2.02
2021,1,광주,2.07
2021,1,구미,1.27
2021,1,군산,1.49
2021,1,금산,1.45
2021,1,김해시,2.39
2021,1,남원,1.72
2021,1,남해,3.4
2021,1,대관령,1.07
2021,1,대구,1.4
2021,1,대전,1.48
2021,1,동두천,1.46
2021,1,동해,1.15
2021,1,목포,2.14
2021,1,문경,1.46
2021,1,밀양,1.93
2021,1,백령도,1.52
2021,1,보령,1.41
2021,1,보성군,2.56
2021,1,보은,1.41
2021,1,봉화,1.35
2021,1,부산,2.25
2021,1,부안,1.74
2021,1,부여,1.62
2021,1,북강릉,1.49
2021,1,북창원,2.7
2021,1,북춘천,1.33
2021,1,산청,1.86
2021,1,상주,1.38
2021,1,서귀포,2.91
2021,1,서산,1.64
2021,1,서울,1.52
2021,1,성산,4.23
2021,1,세종,1.51
2021,1,속초,1.21
2021,1,수원,1.52
2021,1,순창군,2.27
2021,1,순천,2.51
2021,1,안동,1.45
2021,1,양산시,2.5
2021,1,양평,1.52
2021,1,여수,1.78
2021,1,영광군,1.79
2021,1,영덕,1.0
2021,1,영월,1.29
2021,1,영주,1.82
2021,1,영천,1.41
2021,1,완도,2.95
2021,1,울릉도,2.66
2021,1,울산,2.09
2021,1,울진,1.3
2021,1,원주,0.95
2021,1,의령군,1.91
2021,1,의성,1.37
2021,1,이천,1.43
2021,1,인제,1.15
2021,1,인천,1.34
2021,1,임실,1.95
2021,1,장수,2.04
2021,1,장흥,2.52
2021,1,전주,1.53
2021,1,정선군,1.55
2021,1,정읍,1.93
2021,1,제주,2.78
2021,1,제천,1.45
2021,1,진도군,2.56
2021,1,진주,2.22
2021,1,창원,2.54
2021,1,천안,1.14
2021,1,철원,1.29
2021,1,청송군,1.31
2021,1,청주,1.08
2021,1,추풍령,1.3
2021,1,춘천,1.43
2021,1,충주,1.18
2021,1,태백,1.19
2021,1,통영,2.75
2021,1,파주,1.5
2021,1,포항,1.46
2021,1,함양군,1.34
2021,1,합천,1.67
2021,1,해남,2.18
2021,1,홍성,1.57
2021,1,홍천,1.46
2021,1,흑산도,1.83
2021,2,강릉,3.28
2021,2,강진군,3.47
2021,2,강화,4.5
2021,2,거제,6.61
2021,2,거창,2.57
2021,2,경주시,1.86
2021,2,고산(제주),4.48
2021,2,고창,2.92
2021,2,고창군,2.88
2021,2,고흥,2.92
2021,2,광양시,2.83
2021,2,광주,3.21
2021,2,구미,2.33
2021,2,군산,3.07
2021,2,금산,3.38
2021,2,김해시,3.89
2021,2,남원,2.4
2021,2,남해,4.73
2021,2,대관령,3.64
2021,2,대구,2.08
2021,2,대전,3.16
2021,2,동두천,4.74
2021,2,동해,2.61
2021,2,목포,2.99
2021,2,문경,3.91
2021,2,밀양,2.68
2021,2,백령도,3.44
2021,2,보령,2.29
2021,2,보성군,3.95
2021,2,보은,3.12
2021,2,봉화,3.9
2021,2,부산,5.26
2021,2,부안,2.47
2021,2,부여,2.81
2021,2,북강릉,3.33
2021,2,북창원,3.78
2021,2,북춘천,4.37
2021,2,산청,2.86
2021,2,상주,3.23
2021,2,서귀포,5.96
2021,2,서산,3.45
2021,2,서울,4.53
2021,2,성산,4.83
2021,2,세종,2.92
2021,2,속초,3.25
2021,2,수원,3.69
2021,2,순창군,3.24
2021,2,순천,2.54
2021,2,안동,3.4
2021,2,양산시,3.54
2021,2,양평,3.45
2021,2,여수,3.96
2021,2,영광군,3.11
2021,2,영덕,2.83
2021,2,영월,4.3
2021,2,영주,3.81
2021,2,영천,2.08
2021,2,완도,4.06
2021,2,울릉도,3.5
2021,2,울산,3.17
2021,2,울진,2.89
2021,2,원주,4.01
2021,2,의령군,2.63
2021,2,의성,2.82
2021,2,이천,3.42
2021,2,인제,3.69
2021,2,인천,3.89
2021,2,임실,2.7
2021,2,장수,3.5
2021,2,장흥,3.15
2021,2,전주,3.98
2021,2,정선군,3.96
2021,2,정읍,2.72
2021,2,제주,3.1
2021,2,제천,3.77
2021,2,진도군,4.04
2021,2,진주,3.31
2021,2,창원,4.12
2021,2,천안,2.59
2021,2,철원,4.02
2021,2,청송군,2.96
2021,2,청주,2.84
2021,2,추풍령,2.86
2021,2,춘천,4.33
2021,2,충주,4.09
2021,2,태백,3.9
2021,2,통영,4.93
2021,2,파주,4.39
2021,2,포항,2.38
2021,2,함양군,2.84
2021,2,합천,2.66
2021,2,해남,3.29
2021,2,홍성,3.1
2021,2,홍천,3.76
2021,2,흑산도,2.51
2021,3,강릉,7.52
2021,3,강진군,9.5
2021,3,강화,4.05
2021,3,거제,13.24
2021,3,거창,6.87
2021,3,경주시,7.37
2021,3,고산(제주),7.25
2021,3,고창,7.18
2021,3,고창군,7.62
2021,3,고흥,8.94
2021,3,광양시,9.57
2021,3,광주,7.58
2021,3,구미,7.23
2021,3,군산,6.61
2021,3,금산,8.15
2021,3,김해시,9.67
2021,3,남원,6.83
2021,3,남해,12.45
2021,3,대관령,5.39
2021,3,대구,5.37
2021,3,대전,6.55
2021,3,동두천,3.71
2021,3,동해,7.73
2021,3,목포,5.91
2021,3,문경,8.75
2021,3,밀양,7.3
2021,3,백령도,5.98
2021,3,보령,6.53
2021,3,보성군,11.35
2021,3,보은,6.54
2021,3,봉화,6.14
2021,3,부산,11.37
2021,3,부안,8.71
2021,3,부여,6.55
2021,3,북강릉,8.19
2021,3,북창원,9.25
2021,3,북춘천,4.65
2021,3,산청,6.69
2021,3,상주,7.93
2021,3,서귀포,13.36
2021,3,서산,5.93
2021,3,서울,5.55
2021,3,성산,11.61
2021,3,세종,6.49
2021,3,속초,5.36
2021,3,수원,5.0
2021,3,순창군,6.64
2021,3,순천,8.41
2021,3,안동,4.88
2021,3,양산시,11.68
2021,3,양평,5.07
2021,3,여수,10.43
2021,3,영광군,6.38
2021,3,영덕,8.21
2021,3,영월,5.54
2021,3,영주,8.07
2021,3,영천,7.22
2021,3,완도,9.88
2021,3,울릉도,6.31
2021,3,울산,8.24
2021,3,울진,6.02
2021,3,원주,6.05
2021,3,의령군,7.51
2021,3,의성,5.23
2021,3,이천,5.71
2021,3,인제,3.88
2021,3,인천,5.21
2021,3,임실,7.44
2021,3,장수,7.57
2021,3,장흥,9.56
2021,3,전주,9.48
2021,3,정선군,5.77
2021,3,정읍,8.43
2021,3,제주,10.52
2021,3,제천,6.6
2021,3,진도군,9.4
2021,3,진주,8.72
2021,3,창원,11.16
2021,3,천안,6.5
2021,3,철원,4.81
2021,3,청송군,5.37
2021,3,청주,6.05
2021,3,추풍령,7.22
2021,3,춘천,4.4
2021,3,충주,8.6
2021,3,태백,6.88
2021,3,통영,11.16
2021,3,파주,4.03
2021,3,포항,9.24
2021,3,함양군,5.78
2021,3,합천,7.3
2021,3,해남,8.49
2021,3,홍성,7.12
2021,3,홍천,4.14
2021,3,흑산도,4.82
2021,4,강릉,2.04
2021,4,강진군,0.87
2021,4,강화,1.12
2021,4,거제,1.33
2021,4,거창,1.02
2021,4,경주시,1.48
2021,4,고산(제주),0.94
2021,4,고창,1.67
2021,4,고창군,1.25
2021,4,고흥,0.73
2021,4,광양시,1.13
2021,4,광주,1.39
2021,4,구미,1.15
2021,4,군산,1.4
2021,4,금산,1.11
2021,4,김해시,1.02
2021,4,남원,1.49
2021,4,남해,1.08
2021,4,대관령,1.13
2021,4,대구,1.1
2021,4,대전,0.94
2021,4,동두천,1.42
2021,4,동해,2.09
2021,4,목포,1.0
2021,4,문경,0.82
2021,4,밀양,1.23
2021,4,백령도,1.3
2021,4,보령,1.87
2021,4,보성군,0.82
2021,4,보은,0.92
2021,4,봉화,0.96
2021,4,부산,0.88
2021,4,부안,1.87
2021,4,부여,1.29
2021,4,북강릉,2.19
2021,4,북창원,1.28
2021,4,북춘천,1.3
2021,4,산청,1.07
2021,4,상주,0.9
2021,4,서귀포,1.12
2021,4,서산,2.18
2021,4,서울,1.38
2021,4,성산,2.16
2021,4,세종,1.14
2021,4,속초,3.28
2021,4,수원,1.66
2021,4,순창군,1.34
2021,4,순천,0.98
2021,4,안동,0.93
2021,4,양산시,0.95
2021,4,양평,1.1
2021,4,여수,0.99
2021,4,영광군,1.86
2021,4,영덕,1.99
2021,4,영월,0.97
2021,4,영주,1.02
2021,4,영천,1.24
2021,4,완도,0.68
2021,4,울릉도,4.29
2021,4,울산,1.11
2021,4,울진,2.44
2021,4,원주,1.16
2021,4,의령군,1.11
2021,4,의성,1.09
2021,4,이천,1.22
2021,4,인제,1.38
2021,4,인천,1.28
2021,4,임실,1.66
2021,4,장수,1.6
2021,4,장흥,0.9
2021,4,전주,1.35
2021,4,정선군,0.89
2021,4,정읍,1.72
2021,4,제주,1.38
2021,4,제천,0.88
2021,4,진도군,0.93
2021,4,진주,1.0
2021,4,창원,0.88
2021,4,천안,1.33
2021,4,철원,2.07
2021,4,청송군,1.15
2021,4,청주,0.98
2021,4,추풍령,0.96
2021,4,춘천,1.29
2021,4,충주,1.04
2021,4,태백,1.23
2021,4,통영,0.84
2021,4,파주,1.44
2021,4,포항,2.27
2021,4,함양군,1.14
2021,4,합천,0.9
2021,4,해남,1.2
2021,4,홍성,1.78
2021,4,홍천,1.04
2021,4,흑산도,0.9
2022,1,강릉,1.24
2022,1,강진군,1.86
2022,1,강화,1.2
2022,1,거제,1.61
2022,1,거창,0.74
2022,1,경주시,0.54
2022,1,고산(제주),1.52
2022,1,고창,1.16
2022,1,고창군,0.63
2022,1,고흥,1.3
2022,1,광양시,1.59
2022,1,광주,1.2
2022,1,구미,0.48
2022,1,군산,1.0
2022,1,금산,0.96
2022,1,김해시,1.27
2022,1,남원,0.86
2022,1,남해,1.88
2022,1,대관령,0.89
2022,1,대구,0.38
2022,1,대전,0.85
2022,1,동두천,1.16
2022,1,동해,1.18
2022,1,목포,0.97
2022,1,문경,1.54
2022,1,밀양,0.65
2022,1,백령도,0.97
2022,1,보령,0.83
2022,1,보성군,1.94
2022,1,보은,1.19
2022,1,봉화,1.13
2022,1,부산,1.42
2022,1,부안,0.95
2022,1,부여,0.91
2022,1,북강릉,1.21
2022,1,북창원,1.16
2022,1,북춘천,1.07
2022,1,산청,0.99
2022,1,상주,1.1
2022,1,서귀포,1.75
2022,1,서산,0.95
2022,1,서울,1.25
2022,1,서청주,0.97
2022,1,성산,2.49
2022,1,세종,0.91
2022,1,속초,1.44
2022,1,수원,0.92
2022,1,순창군,1.38
2022,1,순천,1.24
2022,1,안동,0.89
2022,1,양산시,1.14
2022,1,양평,1.1
2022,1,여수,1.66
2022,1,영광군,1.21
2022,1,영덕,0.97
2022,1,영월,0.82
2022,1,영주,1.42
2022,1,영천,0.44
2022,1,완도,1.28
2022,1,울릉도,1.82
2022,1,울산,0.65
2022,1,울진,1.07
2022,1,원주,0.88
2022,1,의령군,0.91
2022,1,의성,0.58
2022,1,이천,1.28
2022,1,인제,0.92
2022,1,인천,1.02
2022,1,임실,1.06
2022,1,장수,1.2
2022,1,장흥,1.71
2022,1,전주,1.08
2022,1,정선군,1.0
2022,1,정읍,1.01
2022,1,제주,1.72
2022,1,제천,1.09
2022,1,진도군,1.43
2022,1,진주,1.29
2022,1,창원,1.5
2022,1,천안,0.71
2022,1,철원,1.14
2022,1,청송군,0.59
2022,1,청주,0.7
2022,1,추풍령,0.85
2022,1,춘천,1.25
2022,1,충주,0.96
2022,1,태백,1.1
2022,1,통영,1.34
2022,1,파주,1.26
2022,1,포항,0.79
2022,1,함양군,0.95
2022,1,합천,0.71
2022,1,해남,1.36
2022,1,홍성,0.98
2022,1,홍천,1.03
2022,1,흑산도,1.0
2022,2,강릉,2.86
2022,2,강진군,2.17
2022,2,강화,5.63
2022,2,거제,4.13
2022,2,거창,1.18
2022,2,경주시,2.01
2022,2,고산(제주),2.83
2022,2,고창,1.87
2022,2,고창군,2.01
2022,2,고흥,1.86
2022,2,광양시,2.0
2022,2,광주,1.99
2022,2,구미,1.91
2022,2,군산,2.01
2022,2,금산,2.35
2022,2,김해시,2.62
2022,2,남원,2.27
2022,2,남해,3.14
2022,2,대관령,3.27
2022,2,대구,1.37
2022,2,대전,2.15
2022,2,동두천,6.12
2022,2,동해,1.81
2022,2,목포,1.84
2022,2,문경,1.86
2022,2,밀양,3.25
2022,2,백령도,2.51
2022,2,보령,2.92
2022,2,보성군,2.29
2022,2,보은,1.81
2022,2,봉화,1.94
2022,2,부산,3.16
2022,2,부안,2.62
2022,2,부여,2.09
2022,2,북강릉,2.64
2022,2,북창원,2.97
2022,2,북춘천,4.64
2022,2,산청,2.49
2022,2,상주,1.61
2022,2,서귀포,4.69
2022,2,서산,4.48
2022,2,서울,4.63
2022,2,서청주,2.31
2022,2,성산,3.68
2022,2,세종,2.0
2022,2,속초,3.2
2022,2,수원,5.8
2022,2,순창군,2.53
2022,2,순천,1.8
2022,2,안동,1.03
2022,2,양산시,2.37
2022,2,양평,5.15
2022,2,여수,2.14
2022,2,영광군,1.88
2022,2,영덕,1.04
2022,2,영월,2.59
2022,2,영주,2.09
2022,2,영천,1.9
2022,2,완도,2.1
2022,2,울릉도,2.29
2022,2,울산,2.57
2022,2,울진,1.36
2022,2,원주,3.18
2022,2,의령군,1.59
2022,2,의성,1.24
2022,2,이천,3.21
2022,2,인제,4.34
2022,2,인천,3.43
2022,2,임실,3.62
2022,2,장수,3.21
2022,2,장흥,1.95
2022,2,전주,2.81
2022,2,정선군,3.6
2022,2,정읍,3.63
2022,2,제주,2.6
2022,2,제천,3.54
2022,2,진도군,2.18
2022,2,진주,2.11
2022,2,창원,3.28
2022,2,천안,2.52
2022,2,철원,5.16
2022,2,청송군,1.29
2022,2,청주,2.02
2022,2,추풍령,1.76
2022,2,춘천,4.86
2022,2,충주,3.0
2022,2,태백,2.55
2022,2,통영,3.22
2022,2,파주,5.96
2022,2,포항,1.57
2022,2,함양군,1.7
2022,2,합천,1.51
2022,2,해남,1.1
2022,2,홍성,2.9
2022,2,홍천,3.93
2022,2,흑산도,2.08
2022,3,강릉,8.02
2022,3,강진군,6.29
2022,3,강화,7.03
2022,3,거제,7.33
2022,3,거창,4.08
2022,3,경주시,5.91
2022,3,고산(제주),8.3
2022,3,고창,3.58
2022,3,고창군,2.7
2022,3,고흥,6.15
2022,3,광양시,6.34
2022,3,광주,3.96
2022,3,구미,5.26
2022,3,군산,6.24
2022,3,금산,5.63
2022,3,김해시,4.94
2022,3,남원,4.25
2022,3,남해,8.7
2022,3,대관령,8.65
2022,3,대구,3.76
2022,3,대전,8.49
2022,3,동두천,11.02
2022,3,동해,5.58
2022,3,목포,4.24
2022,3,문경,6.88
2022,3,밀양,4.49
2022,3,백령도,6.05
2022,3,보령,9.33
2022,3,보성군,6.13
2022,3,보은,6.78
2022,3,봉화,6.11
2022,3,부산,5.26
2022,3,부안,5.31
2022,3,부여,9.47
2022,3,북강릉,8.46
2022,3,북창원,6.04
2022,3,북춘천,9.58
2022,3,산청,6.01
2022,3,상주,5.88
2022,3,서귀포,9.36
2022,3,서산,8.84
2022,3,서울,11.07
2022,3,서청주,9.13
2022,3,성산,7.95
2022,3,세종,8.69
2022,3,속초,8.7
2022,3,수원,11.67
2022,3,순창군,4.03
2022,3,순천,6.74
2022,3,안동,4.26
2022,3,양산시,5.72
2022,3,양평,15.44
2022,3,여수,7.03
2022,3,영광군,3.91
2022,3,영덕,4.15
2022,3,영월,9.05
2022,3,영주,6.96
2022,3,영천,4.23
2022,3,완도,3.59
2022,3,울릉도,4.29
2022,3,울산,5.96
2022,3,울진,4.13
2022,3,원주,9.45
2022,3,의령군,5.12
2022,3,의성,3.82
2022,3,이천,10.7
2022,3,인제,9.11
2022,3,인천,11.08
2022,3,임실,4.09
2022,3,장수,4.34
2022,3,장흥,5.63
2022,3,전주,6.08
2022,3,정선군,8.63
2022,3,정읍,4.0
2022,3,제주,5.86
2022,3,제천,9.67
2022,3,진도군,5.34
2022,3,진주,5.89
2022,3,창원,5.96
2022,3,천안,6.71
2022,3,철원,10.06
2022,3,청송군,3.96
2022,3,청주,8.77
2022,3,추풍령,6.29
2022,3,춘천,10.4
2022,3,충주,9.89
2022,3,태백,6.71
2022,3,통영,5.41
2022,3,파주,8.65
2022,3,포항,7.94
2022,3,함양군,5.31
2022,3,합천,5.37
2022,3,해남,5.32
2022,3,홍성,8.71
2022,3,홍천,11.58
2022,3,흑산도,3.29
2022,4,강릉,3.86
2022,4,강진군,0.97
2022,4,강화,3.21
2022,4,거제,1.08
2022,4,거창,0.98
2022,4,경주시,0.59
2022,4,고산(제주),1.08
2022,4,고창,1.63
2022,4,고창군,1.79
2022,4,고흥,0.84
2022,4,광양시,1.59
2022,4,광주,1.26
2022,4,구미,1.0
2022,4,군산,2.13
2022,4,금산,1.43
2022,4,김해시,0.73
2022,4,남원,1.48
2022,4,남해,0.9
2022,4,대관령,2.04
2022,4,대구,0.82
2022,4,대전,1.63
2022,4,동두천,2.68
2022,4,동해,3.44
2022,4,목포,1.02
2022,4,문경,1.1
2022,4,밀양,0.82
2022,4,백령도,1.61
2022,4,보령,1.62
2022,4,보성군,1.19
2022,4,보은,1.6
2022,4,봉화,1.89
2022,4,부산,1.0
2022,4,부안,1.72
2022,4,부여,1.72
2022,4,북강릉,4.36
2022,4,북창원,0.72
2022,4,북춘천,2.07
2022,4,산청,1.12
2022,4,상주,1.13
2022,4,서귀포,1.26
2022,4,서산,2.88
2022,4,서울,2.42
2022,4,서청주,2.07
2022,4,성산,2.88
2022,4,세종,1.73
2022,4,속초,4.52
2022,4,수원,1.95
2022,4,순창군,1.66
2022,4,순천,1.0
2022,4,안동,0.98
2022,4,양산시,0.96
2022,4,양평,1.69
2022,4,여수,0.84
2022,4,영광군,1.78
2022,4,영덕,2.59
2022,4,영월,1.59
2022,4,영주,1.37
2022,4,영천,0.8
2022,4,완도,0.73
2022,4,울릉도,4.83
2022,4,울산,0.92
2022,4,울진,5.44
2022,4,원주,1.69
2022,4,의령군,0.94
2022,4,의성,1.07
2022,4,이천,1.59
2022,4,인제,1.98
2022,4,인천,2.15
2022,4,임실,1.8
2022,4,장수,1.98
2022,4,장흥,0.73
2022,4,전주,1.72
2022,4,정선군,1.76
2022,4,정읍,2.06
2022,4,제주,1.58
2022,4,제천,1.81
2022,4,진도군,0.96
2022,4,진주,1.28
2022,4,창원,0.74
2022,4,천안,1.85
2022,4,철원,2.78
2022,4,청송군,1.13
2022,4,청주,2.01
2022,4,추풍령,1.23
2022,4,춘천,2.36
2022,4,충주,2.12
2022,4,태백,1.52
2022,4,통영,0.82
2022,4,파주,3.03
2022,4,포항,1.27
2022,4,함양군,0.78
2022,4,합천,1.08
2022,4,해남,0.94
2022,4,홍성,2.56
2022,4,홍천,2.09
2022,4,흑산도,0.94
2023,1,강릉,1.39
2023,1,강진군,1.71
2023,1,강화,0.59
2023,1,거제,2.62
2023,1,거창,0.76
2023,1,경주시,1.0
2023,1,고산(제주),1.71
2023,1,고창,0.69
2023,1,고창군,0.64
2023,1,고흥,1.54
2023,1,광양시,2.12
2023,1,광주,0.85
2023,1,구미,0.66
2023,1,군산,0.57
2023,1,금산,0.66
2023,1,김해시,1.85
2023,1,남원,1.02
2023,1,남해,2.28
2023,1,대관령,0.54
2023,1,대구,0.56
2023,1,대전,0.64
2023,1,동두천,0.72
2023,1,동해,1.6
2023,1,목포,0.94
2023,1,문경,0.77
2023,1,밀양,1.15
2023,1,백령도,0.46
2023,1,보령,0.3
2023,1,보성군,1.66
2023,1,보은,0.64
2023,1,봉화,0.69
2023,1,부산,2.06
2023,1,부안,0.67
2023,1,부여,0.59
2023,1,북강릉,1.74
2023,1,북부산,1.98
2023,1,북창원,1.55
2023,1,북춘천,0.59
2023,1,산청,0.99
2023,1,상주,0.72
2023,1,서귀포,2.08
2023,1,서산,0.41
2023,1,서울,0.66
2023,1,서청주,0.57
2023,1,성산,2.66
2023,1,세종,0.54
2023,1,속초,1.65
2023,1,수원,0.5
2023,1,순창군,0.93
2023,1,순천,1.6
2023,1,안동,0.61
2023,1,양산시,1.91
2023,1,양평,0.59
2023,1,여수,1.8
2023,1,영광군,0.84
2023,1,영덕,1.1
2023,1,영월,0.53
2023,1,영주,0.79
2023,1,영천,0.81
2023,1,완도,1.57
2023,1,울릉도,3.07
2023,1,울산,1.53
2023,1,울진,1.41
2023,1,원주,0.46
2023,1,의령군,1.2
2023,1,의성,0.66
2023,1,이천,0.55
2023,1,인제,0.7
2023,1,인천,0.64
2023,1,임실,0.79
2023,1,장수,0.82
2023,1,장흥,1.48
2023,1,전주,0.7
2023,1,정선군,0.56
2023,1,정읍,0.68
2023,1,제주,2.01
2023,1,제천,0.54
2023,1,진도군,1.38
2023,1,진주,1.58
2023,1,창원,1.67
2023,1,천안,0.56
2023,1,철원,0.61
2023,1,청송군,0.73
2023,1,청주,0.55
2023,1,추풍령,0.71
2023,1,춘천,0.7
2023,1,충주,0.48
2023,1,태백,0.56
2023,1,통영,1.9
2023,1,파주,0.65
2023,1,포항,1.07
2023,1,함양군,1.1
2023,1,합천,0.88
2023,1,해남,1.29
2023,1,홍성,0.4
2023,1,홍천,0.66
2023,1,흑산도,0.55
2023,2,강릉,3.13
2023,2,강진군,6.47
2023,2,강화,4.68
2023,2,거제,8.38
2023,2,거창,4.83
2023,2,경주시,3.2
2023,2,고산(제주),7.41
2023,2,고창,2.96
2023,2,고창군,3.95
2023,2,고흥,7.08
2023,2,광양시,7.18
2023,2,광주,7.67
2023,2,구미,4.07
2023,2,군산,6.39
2023,2,금산,4.99
2023,2,김해시,5.83
2023,2,남원,5.31
2023,2,남해,10.17
2023,2,대관령,3.75
2023,2,대구,4.5
2023,2,대전,4.34
2023,2,동두천,5.18
2023,2,동해,2.16
2023,2,목포,4.57
2023,2,문경,5.14
2023,2,밀양,6.77
2023,2,백령도,3.13
2023,2,보령,3.61
2023,2,보성군,8.91
2023,2,보은,4.04
2023,2,봉화,5.57
2023,2,부산,6.0
2023,2,부안,5.85
2023,2,부여,4.74
2023,2,북강릉,3.25
2023,2,북부산,5.18
2023,2,북창원,6.23
2023,2,북춘천,5.37
2023,2,산청,5.75
2023,2,상주,4.05
2023,2,서귀포,13.01
2023,2,서산,3.58
2023,2,서울,4.92
2023,2,서청주,3.52
2023,2,성산,10.31
2023,2,세종,3.91
2023,2,속초,3.72
2023,2,수원,3.51
2023,2,순창군,6.99
2023,2,순천,7.42
2023,2,안동,4.68
2023,2,양산시,5.54
2023,2,양평,4.15
2023,2,여수,7.93
2023,2,영광군,4.41
2023,2,영덕,2.99
2023,2,영월,3.87
2023,2,영주,8.1
2023,2,영천,4.9
2023,2,완도,7.05
2023,2,울릉도,3.81
2023,2,울산,4.33
2023,2,울진,3.18
2023,2,원주,3.4
2023,2,의령군,6.15
2023,2,의성,4.39
2023,2,이천,4.2
2023,2,인제,4.59
2023,2,인천,3.52
2023,2,임실,5.41
2023,2,장수,7.16
2023,2,장흥,6.76
2023,2,전주,5.01
2023,2,정선군,3.93
2023,2,정읍,5.28
2023,2,제주,5.98
2023,2,제천,4.91
2023,2,진도군,5.04
2023,2,진주,8.45
2023,2,창원,6.87
2023,2,천안,3.58
2023,2,철원,5.27
2023,2,청송군,4.05
2023,2,청주,3.66
2023,2,추풍령,4.87
2023,2,춘천,5.16
2023,2,충주,4.35
2023,2,태백,4.78
2023,2,통영,6.4
2023,2,파주,4.98
2023,2,포항,3.0
2023,2,함양군,4.73
2023,2,합천,5.08
2023,2,해남,5.85
2023,2,홍성,3.1
2023,2,홍천,3.95
2023,2,흑산도,2.97
2023,3,강릉,9.37
2023,3,강진군,11.26
2023,3,강화,7.21
2023,3,거제,15.67
2023,3,거창,10.24
2023,3,경주시,6.04
2023,3,고산(제주),4.9
2023,3,고창,8.94
2023,3,고창군,9.86
2023,3,고흥,8.24
2023,3,광양시,14.09
2023,3,광주,12.81
2023,3,구미,13.03
2023,3,군산,13.57
2023,3,금산,11.87
2023,3,김해시,11.24
2023,3,남원,11.2
2023,3,남해,15.16
2023,3,대관령,7.35
2023,3,대구,7.99
2023,3,대전,15.36
2023,3,동두천,7.26
2023,3,동해,7.93
2023,3,목포,10.1
2023,3,문경,13.61
2023,3,밀양,10.95
2023,3,백령도,4.45
2023,3,보령,12.7
2023,3,보성군,9.47
2023,3,보은,13.95
2023,3,봉화,11.97
2023,3,부산,14.39
2023,3,부안,10.94
2023,3,부여,16.13
2023,3,북강릉,9.26
2023,3,북부산,13.21
2023,3,북창원,13.48
2023,3,북춘천,6.97
2023,3,산청,12.37
2023,3,상주,11.69
2023,3,서귀포,7.87
2023,3,서산,9.76
2023,3,서울,9.7
2023,3,서청주,13.28
2023,3,성산,8.08
2023,3,세종,16.75
2023,3,속초,10.72
2023,3,수원,8.99
2023,3,순창군,12.67
2023,3,순천,12.41
2023,3,안동,10.01
2023,3,양산시,14.61
2023,3,양평,9.43
2023,3,여수,10.14
2023,3,영광군,9.21
2023,3,영덕,7.71
2023,3,영월,10.31
2023,3,영주,13.11
2023,3,영천,6.97
2023,3,완도,7.99
2023,3,울릉도,6.04
2023,3,울산,10.29
2023,3,울진,7.74
2023,3,원주,9.29
2023,3,의령군,11.92
2023,3,의성,10.89
2023,3,이천,10.53
2023,3,인제,6.45
2023,3,인천,8.67
2023,3,임실,12.92
2023,3,장수,13.3
2023,3,장흥,11.79
2023,3,전주,13.19
2023,3,정선군,8.79
2023,3,정읍,12.66
2023,3,제주,5.87
2023,3,제천,11.75
2023,3,진도군,8.69
2023,3,진주,13.29
2023,3,창원,13.56
2023,3,천안,10.34
2023,3,철원,7.91
2023,3,청송군,9.89
2023,3,청주,13.77
2023,3,추풍령,9.54
2023,3,춘천,7.08
2023,3,충주,11.36
2023,3,태백,9.27
2023,3,통영,13.71
2023,3,파주,7.96
2023,3,포항,6.73
2023,3,함양군,10.84
2023,3,합천,11.81
2023,3,해남,9.24
2023,3,홍성,11.2
2023,3,홍천,8.16
2023,3,흑산도,9.49
2023,4,강릉,3.22
2023,4,강진군,1.68
2023,4,강화,2.55
2023,4,거제,1.58
2023,4,거창,1.9
2023,4,경주시,2.27
2023,4,고산(제주),1.32
2023,4,고창,2.11
2023,4,고창군,2.06
2023,4,고흥,1.75
2023,4,광양시,1.46
2023,4,광주,1.78
2023,4,구미,1.57
2023,4,군산,2.61
2023,4,금산,2.12
2023,4,김해시,1.62
2023,4,남원,2.18
2023,4,남해,1.89
2023,4,대관령,2.46
2023,4,대구,1.38
2023,4,대전,1.92
2023,4,동두천,2.27
2023,4,동해,3.12
2023,4,목포,1.62
2023,4,문경,1.67
2023,4,밀양,1.6
2023,4,백령도,2.2
2023,4,보령,2.21
2023,4,보성군,2.0
2023,4,보은,1.76
2023,4,봉화,1.73
2023,4,부산,1.47
2023,4,부안,2.76
2023,4,부여,2.14
2023,4,북강릉,3.58
2023,4,북부산,1.4
2023,4,북창원,1.53
2023,4,북춘천,1.99
2023,4,산청,2.05
2023,4,상주,1.75
2023,4,서귀포,1.37
2023,4,서산,2.92
2023,4,서울,2.16
2023,4,서청주,1.67
2023,4,성산,1.93
2023,4,세종,1.71
2023,4,속초,3.22
2023,4,수원,2.37
2023,4,순창군,2.31
2023,4,순천,1.94
2023,4,안동,1.27
2023,4,양산시,1.65
2023,4,양평,2.6
2023,4,여수,1.3
2023,4,영광군,1.87
2023,4,영덕,1.68
2023,4,영월,1.73
2023,4,영주,2.2
2023,4,영천,1.47
2023,4,완도,2.14
2023,4,울릉도,3.79
2023,4,울산,1.78
2023,4,울진,2.05
2023,4,원주,2.01
2023,4,의령군,1.95
2023,4,의성,1.25
2023,4,이천,2.54
2023,4,인제,1.65
2023,4,인천,1.69
2023,4,임실,2.53
2023,4,장수,2.39
2023,4,장흥,1.66
2023,4,전주,2.77
2023,4,정선군,1.98
2023,4,정읍,2.52
2023,4,제주,1.95
2023,4,제천,2.06
2023,4,진도군,1.72
2023,4,진주,1.86
2023,4,창원,1.51
2023,4,천안,1.9
2023,4,철원,2.23
2023,4,청송군,1.51
2023,4,청주,1.7
2023,4,추풍령,1.8
2023,4,춘천,2.24
2023,4,충주,1.94
2023,4,태백,2.04
2023,4,통영,1.29
2023,4,파주,2.11
2023,4,포항,1.35
2023,4,함양군,1.9
2023,4,합천,1.56
2023,4,해남,1.56
2023,4,홍성,2.57
2023,4,홍천,2.42
2023,4,흑산도,1.9
2024,1,강릉,3.17
2024,1,강진군,3.18
2024,1,강화,1.29
2024,1,거제,3.35
2024,1,거창,2.49
2024,1,경주시,1.95
2024,1,고산(제주),2.31
2024,1,고창,2.27
2024,1,고창군,2.14
2024,1,고흥,3.03
2024,1,광양시,3.47
2024,1,광주,2.44
2024,1,구미,1.93
2024,1,군산,2.76
2024,1,금산,2.45
2024,1,김해시,3.13
2024,1,남원,2.32
2024,1,남해,4.38
2024,1,대관령,2.08
2024,1,대구,1.64
2024,1,대전,2.19
2024,1,동두천,1.2
2024,1,동해,3.08
2024,1,목포,2.61
2024,1,문경,2.11
2024,1,밀양,2.09
2024,1,백령도,1.07
2024,1,보령,1.74
2024,1,보성군,3.68
2024,1,보은,1.81
2024,1,봉화,1.23
2024,1,부산,3.07
2024,1,부안,2.87
2024,1,부여,2.52
2024,1,북강릉,2.9
2024,1,북부산,2.31
2024,1,북창원,3.4
2024,1,북춘천,1.04
2024,1,산청,2.6
2024,1,상주,2.14
2024,1,서귀포,3.96
2024,1,서산,1.61
2024,1,서울,1.36
2024,1,서청주,1.81
2024,1,성산,6.1
2024,1,세종,2.15
2024,1,속초,2.15
2024,1,수원,1.39
2024,1,순창군,2.49
2024,1,순천,3.09
2024,1,안동,1.44
2024,1,양산시,2.99
2024,1,양평,1.22
2024,1,여수,3.11
2024,1,영광군,2.3
2024,1,영덕,2.13
2024,1,영월,1.46
2024,1,영주,1.81
2024,1,영천,1.7
2024,1,완도,3.46
2024,1,울릉도,3.53
2024,1,울산,2.5
2024,1,울진,2.32
2024,1,원주,1.28
2024,1,의령군,2.92
2024,1,의성,1.38
2024,1,이천,1.71
2024,1,인제,1.03
2024,1,인천,1.09
2024,1,임실,2.53
2024,1,장수,2.84
2024,1,장흥,2.82
2024,1,전주,2.72
2024,1,정선군,1.59
2024,1,정읍,2.67
2024,1,제주,4.36
2024,1,제천,1.71
2024,1,진도군,3.13
2024,1,진주,3.65
2024,1,창원,3.42
2024,1,천안,1.82
2024,1,철원,1.07
2024,1,청송군,1.68
2024,1,청주,1.69
2024,1,추풍령,2.29
2024,1,춘천,1.19
2024,1,충주,1.89
2024,1,태백,1.68
2024,1,통영,2.91
2024,1,파주,1.15
2024,1,포항,2.48
2024,1,함양군,2.64
2024,1,합천,2.24
2024,1,해남,2.41
2024,1,홍성,2.27
2024,1,홍천,1.29
2024,1,흑산도,2.7
2024,2,강릉,2.34
2024,2,강진군,6.09
2024,2,강화,2.61
2024,2,거제,7.24
2024,2,거창,3.7
2024,2,경주시,2.04
2024,2,고산(제주),6.92
2024,2,고창,3.2
2024,2,고창군,2.5
2024,2,고흥,6.09
2024,2,광양시,7.88
2024,2,광주,3.63
2024,2,구미,2.19
2024,2,군산,2.59
2024,2,금산,2.74
2024,2,김해시,4.9
2024,2,남원,3.93
2024,2,남해,8.59
2024,2,대관령,2.52
2024,2,대구,2.4
2024,2,대전,2.6
2024,2,동두천,2.85
2024,2,동해,1.9
2024,2,목포,3.59
2024,2,문경,3.78
2024,2,밀양,3.97
2024,2,백령도,1.98
2024,2,보령,2.95
2024,2,보성군,7.48
2024,2,보은,2.68
2024,2,봉화,3.06
2024,2,부산,5.37
2024,2,부안,2.45
2024,2,부여,3.12
2024,2,북강릉,2.33
2024,2,북부산,4.7
2024,2,북창원,4.76
2024,2,북춘천,3.07
2024,2,산청,4.46
2024,2,상주,3.14
2024,2,서귀포,12.1
2024,2,서산,3.55
2024,2,서울,3.01
2024,2,서청주,2.82
2024,2,성산,8.98
2024,2,세종,3.04
2024,2,속초,2.86
2024,2,수원,3.32
2024,2,순창군,3.98
2024,2,순천,6.64
2024,2,안동,2.78
2024,2,양산시,4.37
2024,2,양평,3.18
2024,2,여수,6.01
2024,2,영광군,2.83
2024,2,영덕,2.48
2024,2,영월,3.28
2024,2,영주,3.46
2024,2,영천,2.62
2024,2,완도,6.96
2024,2,울릉도,2.38
2024,2,울산,3.22
2024,2,울진,1.9
2024,2,원주,2.9
2024,2,의령군,5.29
2024,2,의성,2.3
2024,2,이천,3.8
2024,2,인제,2.98
2024,2,인천,2.85
2024,2,임실,3.07
2024,2,장수,4.08
2024,2,장흥,6.04
2024,2,전주,2.96
2024,2,정선군,3.04
2024,2,정읍,2.54
2024,2,제주,4.34
2024,2,제천,3.9
2024,2,진도군,5.36
2024,2,진주,6.41
2024,2,창원,5.46
2024,2,천안,2.88
2024,2,철원,2.99
2024,2,청송군,2.68
2024,2,청주,2.82
2024,2,추풍령,2.45
2024,2,춘천,3.2
2024,2,충주,3.45
2024,2,태백,2.71
2024,2,통영,6.06
2024,2,파주,2.32
2024,2,포항,2.48
2024,2,함양군,3.66
2024,2,합천,4.03
2024,2,해남,4.47
2024,2,홍성,3.73
2024,2,홍천,3.01
2024,2,흑산도,2.91
2024,3,강릉,7.42
2024,3,강진군,8.06
2024,3,강화,9.67
2024,3,거제,9.6
2024,3,거창,5.59
2024,3,경주시,6.15
2024,3,고산(제주),2.53
2024,3,고창,5.51
2024,3,고창군,5.52
2024,3,고흥,6.52
2024,3,광양시,8.22
2024,3,광주,6.13
2024,3,구미,5.77
2024,3,군산,8.85
2024,3,금산,8.95
2024,3,김해시,7.8
2024,3,남원,7.42
2024,3,남해,9.18
2024,3,대관령,6.04
2024,3,대구,6.98
2024,3,대전,8.45
2024,3,동두천,7.64
2024,3,동해,6.75
2024,3,목포,5.53
2024,3,문경,7.85
2024,3,밀양,4.86
2024,3,백령도,4.2
2024,3,보령,10.24
2024,3,보성군,7.14
2024,3,보은,7.71
2024,3,봉화,7.73
2024,3,부산,9.45
2024,3,부안,5.74
2024,3,부여,7.33
2024,3,북강릉,8.05
2024,3,북부산,7.71
2024,3,북창원,8.55
2024,3,북춘천,7.49
2024,3,산청,7.21
2024,3,상주,9.33
2024,3,서귀포,4.76
2024,3,서산,12.04
2024,3,서울,8.41
2024,3,서청주,10.16
2024,3,성산,5.56
2024,3,세종,9.18
2024,3,속초,6.67
2024,3,수원,8.16
2024,3,순창군,7.02
2024,3,순천,9.37
2024,3,안동,6.51
2024,3,양산시,7.75
2024,3,양평,8.3
2024,3,여수,6.47
2024,3,영광군,4.1
2024,3,영덕,3.04
2024,3,영월,7.95
2024,3,영주,8.12
2024,3,영천,6.85
2024,3,완도,7.91
2024,3,울릉도,8.54
2024,3,울산,5.82
2024,3,울진,5.66
2024,3,원주,8.88
2024,3,의령군,5.73
2024,3,의성,6.08
2024,3,이천,10.6
2024,3,인제,6.63
2024,3,인천,6.01
2024,3,임실,8.2
2024,3,장수,8.88
2024,3,장흥,9.04
2024,3,전주,7.74
2024,3,정선군,7.18
2024,3,정읍,6.39
2024,3,제주,3.58
2024,3,제천,8.29
2024,3,진도군,7.24
2024,3,진주,7.66
2024,3,창원,9.8
2024,3,천안,9.72
2024,3,철원,12.73
2024,3,청송군,5.07
2024,3,청주,10.45
2024,3,추풍령,7.45
2024,3,춘천,7.87
2024,3,충주,8.54
2024,3,태백,8.02
2024,3,통영,8.54
2024,3,파주,11.71
2024,3,포항,4.79
2024,3,함양군,5.24
2024,3,합천,5.69
2024,3,해남,6.97
2024,3,홍성,10.85
2024,3,홍천,7.62
2024,3,흑산도,4.39
2024,4,강릉,2.36
2024,4,강진군,2.59
2024,4,강화,1.03
2024,4,거제,3.99
2024,4,거창,1.6
2024,4,경주시,1.71
2024,4,고산(제주),3.73
2024,4,고창,1.77
2024,4,고창군,2.24
2024,4,고흥,2.9
2024,4,광양시,2.59
2024,4,광주,1.9
2024,4,구미,0.98
2024,4,군산,1.92
2024,4,금산,1.32
2024,4,김해시,2.96
2024,4,남원,1.79
2024,4,남해,3.81
2024,4,대관령,2.12
2024,4,대구,1.59
2024,4,대전,1.6
2024,4,동두천,1.08
2024,4,동해,2.18
2024,4,목포,2.31
2024,4,문경,1.55
2024,4,밀양,2.2
2024,4,백령도,2.11
2024,4,보령,1.37
2024,4,보성군,2.78
2024,4,보은,1.46
2024,4,봉화,1.51
2024,4,부산,3.35
2024,4,부안,1.71
2024,4,부여,1.59
2024,4,북강릉,2.54
2024,4,북부산,2.9
2024,4,북창원,3.52
2024,4,북춘천,1.08
2024,4,산청,2.26
2024,4,상주,1.43
2024,4,서귀포,3.79
2024,4,서산,2.48
2024,4,서울,1.52
2024,4,서청주,1.74
2024,4,성산,6.21
2024,4,세종,1.59
2024,4,속초,1.78
2024,4,수원,2.17
2024,4,순창군,1.79
2024,4,순천,2.42
2024,4,안동,0.95
2024,4,양산시,3.12
2024,4,양평,1.99
2024,4,여수,3.1
2024,4,영광군,2.26
2024,4,영덕,1.62
2024,4,영월,1.67
2024,4,영주,1.88
2024,4,영천,1.35
2024,4,완도,3.12
2024,4,울릉도,6.85
2024,4,울산,2.63
2024,4,울진,1.22
2024,4,원주,1.92
2024,4,의령군,2.37
2024,4,의성,0.82
2024,4,이천,2.5
2024,4,인제,1.3
2024,4,인천,1.62
2024,4,임실,1.92
2024,4,장수,2.15
2024,4,장흥,2.68
2024,4,전주,1.4
2024,4,정선군,1.99
2024,4,정읍,1.79
2024,4,제주,5.18
2024,4,제천,1.73
2024,4,진도군,3.05
2024,4,진주,2.57
2024,4,창원,3.34
2024,4,천안,1.68
2024,4,철원,1.13
2024,4,청송군,0.93
2024,4,청주,1.77
2024,4,추풍령,1.25
2024,4,춘천,1.05
2024,4,충주,1.92
2024,4,태백,2.07
2024,4,통영,3.63
2024,4,파주,0.87
2024,4,포항,2.15
2024,4,함양군,1.81
2024,4,합천,1.88
2024,4,해남,2.58
2024,4,홍성,1.95
2024,4,홍천,1.65
2024,4,흑산도,2.04
