연도,지역,최고기온 (C),최저기온 (C),일 평균기온 (C),일 평균 풍속 (m/s),일강수량 (mm),최심 신적설 (cm),일 평균 상대습도 (%),일교차 (C)
2012,강릉,16.9,9.0,12.7,2.4,3.6,0.0,58.9,7.9
2012,강진군,18.0,8.7,13.1,2.9,4.7,0.1,69.3,9.3
2012,강화,15.3,5.8,10.1,2.0,3.7,0.0,68.8,9.5
2012,거제,18.2,10.1,13.9,2.0,5.6,0.0,63.2,8.0
2012,거창,17.6,6.0,11.4,1.8,4.2,0.1,68.9,11.6
2012,경주시,18.3,7.3,12.4,2.6,3.5,0.1,64.4,10.9
2012,고산,15.9,8.2,11.2,5.1,6.0,0.2,76.7,7.7
2012,고산(제주),18.5,13.1,15.6,6.5,3.9,0.0,70.3,5.3
2012,고창,18.1,8.5,13.0,2.8,3.8,0.3,79.0,9.6
2012,고창군,18.4,8.6,13.2,1.9,4.2,0.3,68.7,9.9
2012,고흥,18.1,8.9,12.9,2.0,4.9,0.0,68.4,9.2
2012,광양시,19.5,10.9,14.7,2.2,5.2,0.0,65.5,8.6
2012,광주,18.9,9.6,13.7,2.2,4.4,0.2,67.1,9.3
2012,구미,18.2,7.7,12.6,1.8,3.6,0.0,64.0,10.5
2012,군산,16.8,8.4,12.3,2.4,4.5,0.2,75.6,8.5
2012,금산,17.7,5.6,11.2,1.2,3.9,0.0,67.3,12.1
2012,김해시,19.5,10.6,14.6,2.3,3.9,0.0,58.0,8.9
2012,남원,18.3,6.4,12.0,1.6,4.1,0.0,69.9,11.9
2012,남해,18.6,10.0,14.0,1.5,6.0,0.0,63.7,8.6
2012,대관령,11.6,1.5,6.5,3.4,3.5,0.5,73.5,10.1
2012,대구,19.2,9.8,14.1,2.2,3.3,0.1,56.4,9.4
2012,대전,17.7,8.1,12.6,1.8,3.9,0.2,67.8,9.5
2012,동두천,17.4,6.1,11.1,1.7,3.8,0.0,64.0,11.3
2012,동해,16.3,8.6,12.3,2.6,3.1,0.0,63.3,7.7
2012,목포,17.1,9.8,13.1,3.2,4.3,0.2,76.2,7.3
2012,문경,17.3,6.5,11.6,1.9,3.8,0.0,59.6,10.8
2012,밀양,19.7,7.9,13.4,1.6,3.7,0.0,62.2,11.8
2012,백령도,13.6,8.1,10.5,4.6,2.4,0.2,70.2,5.5
2012,보령,16.7,8.2,12.2,2.0,3.6,0.2,70.4,8.5
2012,보성군,18.4,9.1,13.6,3.1,4.9,0.1,70.7,9.3
2012,보은,16.8,5.3,10.7,1.5,4.2,0.0,66.5,11.5
2012,봉화,15.2,3.1,8.6,1.4,3.3,0.0,70.4,12.1
2012,부산,18.6,11.4,14.6,3.2,5.4,0.0,58.3,7.2
2012,부안,17.5,8.2,12.5,1.9,4.1,0.0,71.6,9.3
2012,부여,17.6,6.8,11.8,1.4,4.2,0.0,67.5,10.8
2012,북강릉,16.2,7.7,11.8,2.1,3.5,0.2,60.5,8.5
2012,북창원,18.7,9.6,13.7,1.7,5.0,0.0,50.1,9.0
2012,산청,18.5,8.1,12.9,1.9,5.2,0.0,63.6,10.4
2012,상주,17.1,7.1,11.7,1.7,3.6,0.0,63.7,10.0
2012,서귀포,20.0,13.8,16.7,2.6,7.4,0.0,70.2,6.2
2012,서산,16.6,7.0,11.5,2.5,4.5,0.1,75.6,9.6
2012,서울,16.8,8.5,12.3,2.8,4.5,0.1,56.7,8.3
2012,성산,18.9,12.1,15.4,3.0,6.7,0.1,77.5,6.8
2012,속초,15.8,8.5,12.1,2.3,3.3,0.1,67.4,7.3
2012,수원,17.2,7.7,12.2,1.8,4.8,0.1,69.0,9.5
2012,순창군,18.4,7.5,12.5,1.8,4.4,0.2,67.2,10.9
2012,순천,18.1,7.3,12.1,2.0,5.4,0.1,70.3,10.7
2012,안동,18.0,7.0,12.2,1.8,2.9,0.1,64.8,11.0
2012,양산시,19.2,10.2,14.4,2.6,4.4,0.0,57.2,9.0
2012,양평,17.2,6.4,11.4,1.5,4.2,0.0,67.6,10.8
2012,여수,17.4,11.2,14.0,4.3,5.0,0.0,68.3,6.2
2012,영광군,17.5,8.2,12.6,2.5,4.6,0.3,74.5,9.3
2012,영덕,18.0,8.6,12.9,3.1,3.1,0.0,62.7,9.4
2012,영월,17.3,5.4,10.9,1.4,3.8,0.0,67.9,11.9
2012,영주,16.9,6.1,11.2,2.7,3.9,0.0,63.3,10.9
2012,영천,18.4,7.0,12.4,2.0,3.6,0.0,62.9,11.4
2012,완도,18.4,10.3,14.0,3.3,4.7,0.0,68.5,8.1
2012,울릉도,14.9,9.5,11.9,3.8,4.9,1.2,73.0,5.3
2012,울산,18.7,9.7,13.8,2.3,4.0,0.0,63.4,9.0
2012,울진,16.5,7.8,12.0,2.7,3.0,0.0,68.4,8.6
2012,원주,17.2,6.5,11.5,1.6,3.8,0.1,61.0,10.6
2012,의령군,19.4,7.3,12.8,1.4,3.8,0.0,72.0,12.1
2012,의성,18.6,4.8,11.3,1.3,2.8,0.0,67.2,13.8
2012,이천,17.4,5.7,11.2,1.3,4.3,0.0,64.3,11.7
2012,인제,16.1,5.0,10.0,2.0,2.8,0.0,66.2,11.1
2012,인천,16.0,8.8,12.1,3.2,3.9,0.1,68.8,7.2
2012,임실,16.9,5.0,10.0,1.5,4.1,0.0,68.2,11.9
2012,장수,16.3,4.8,10.3,1.9,5.2,0.0,72.7,11.5
2012,장흥,18.5,8.6,13.3,2.3,4.8,0.0,71.6,9.9
2012,전주,18.8,8.5,13.3,1.9,3.7,0.2,65.1,10.2
2012,정선군,15.9,5.1,9.9,1.8,2.6,0.0,66.0,10.8
2012,정읍,18.4,8.5,13.1,1.4,4.0,0.0,66.6,10.0
2012,제주,18.6,13.1,15.7,3.4,6.1,0.1,71.1,5.5
2012,제천,16.1,4.0,9.7,1.6,3.8,0.0,67.4,12.1
2012,진주,18.7,7.5,12.8,1.3,4.8,0.1,67.1,11.2
2012,창원,18.7,10.6,14.2,2.0,4.3,0.0,60.0,8.0
2012,천안,17.6,6.8,11.9,2.1,3.7,0.2,67.2,10.7
2012,철원,15.7,4.0,9.7,1.8,3.6,0.1,67.8,11.6
2012,청송군,17.2,4.8,10.5,1.4,2.7,0.1,67.4,12.3
2012,청주,17.7,8.4,12.7,1.5,3.8,0.2,63.7,9.3
2012,추풍령,16.3,6.5,11.2,2.8,4.0,0.0,67.6,9.8
2012,춘천,16.5,5.6,10.7,1.3,3.6,0.1,68.6,11.0
2012,충주,17.3,6.4,11.5,1.6,3.5,0.0,65.5,10.9
2012,태백,13.9,3.7,8.4,1.8,4.2,0.0,66.8,10.2
2012,통영,17.7,10.5,13.8,2.5,4.4,0.0,67.6,7.3
2012,파주,17.3,5.4,10.9,1.6,3.9,0.0,70.9,11.8
2012,포항,18.3,10.6,13.2,2.1,3.6,0.0,63.6,7.7
2012,함양군,18.5,6.9,12.3,1.5,4.3,0.1,73.0,11.6
2012,합천,19.4,7.5,13.0,1.4,4.9,0.0,64.6,11.9
2012,해남,18.4,8.5,13.2,2.2,4.6,0.0,74.7,9.9
2012,해남군,16.7,4.5,10.1,1.6,2.2,0.0,65.9,12.1
2012,홍천,17.3,5.2,10.7,1.2,3.5,0.0,64.6,12.1
2012,흑산도,16.4,11.4,13.6,5.2,4.5,0.0,77.2,5.0
2013,강릉,18.0,9.9,13.7,2.5,2.5,0.0,57.1,8.1
2013,강진군,19.1,8.9,13.3,2.7,3.3,0.0,69.5,10.2
2013,강화,15.7,6.3,10.9,2.1,3.5,0.0,75.4,9.4
2013,거제,19.7,11.0,15.0,2.0,3.4,0.0,62.0,8.7
2013,거창,18.7,6.2,12.1,1.8,3.0,0.0,67.6,12.5
2013,경주시,19.8,7.8,12.6,2.5,2.2,0.0,63.6,11.9
2013,고산,16.6,8.5,11.7,4.9,3.4,0.1,78.2,8.1
2013,고산(제주),18.5,13.0,15.5,6.7,1.9,0.0,74.5,5.5
2013,고창,18.3,8.3,13.0,2.7,3.4,0.1,80.2,10.0
2013,고창군,19.1,8.8,13.3,1.8,3.0,0.1,69.1,10.2
2013,고흥,19.5,9.1,14.1,2.0,3.2,0.0,71.5,10.4
2013,광양시,20.1,11.0,14.2,2.0,3.7,0.0,68.0,9.1
2013,광주,19.7,9.9,14.3,2.1,3.4,0.1,66.1,9.8
2013,구미,19.4,8.3,13.4,1.7,2.5,0.0,64.7,11.1
2013,군산,17.6,8.5,12.7,2.4,3.0,0.1,80.6,9.1
2013,금산,18.5,6.3,11.9,1.3,2.7,0.0,68.7,12.2
2013,김해시,20.4,10.6,14.3,2.3,2.9,0.0,57.5,9.8
2013,남원,19.0,7.1,12.6,1.6,3.8,0.0,68.1,11.8
2013,남해,20.0,10.4,14.9,1.4,4.4,0.0,63.5,9.5
2013,대관령,12.8,2.6,7.6,3.7,2.9,0.4,73.1,10.2
2013,대구,20.1,10.4,14.7,2.0,2.7,0.0,56.0,9.7
2013,대전,18.4,8.5,13.1,1.6,3.1,0.1,73.0,9.9
2013,동두천,17.6,6.5,11.5,1.7,4.0,0.0,67.2,11.1
2013,동해,17.6,9.1,13.2,2.6,2.6,0.0,62.2,8.4
2013,목포,18.2,10.3,13.8,3.3,3.0,0.1,81.4,7.9
2013,문경,18.1,7.1,12.2,1.8,3.5,0.0,62.4,11.1
2013,밀양,21.0,8.3,14.2,1.5,2.8,0.0,61.7,12.6
2013,백령도,13.6,8.4,10.7,4.5,2.4,0.1,71.3,5.3
2013,보령,17.1,8.4,12.5,2.1,3.8,0.1,73.5,8.7
2013,보성군,19.6,9.4,14.3,2.9,3.6,0.0,68.3,10.2
2013,보은,17.7,5.8,11.3,1.4,3.1,0.0,74.0,11.9
2013,봉화,16.4,3.7,9.7,1.5,2.9,0.0,71.9,12.7
2013,부산,19.6,11.9,15.3,3.4,3.1,0.0,56.8,7.7
2013,부안,18.2,8.5,13.0,1.9,3.2,0.0,71.0,9.7
2013,부여,18.2,7.2,12.3,1.4,3.4,0.0,74.8,11.1
2013,북강릉,17.2,8.4,12.6,2.1,2.5,0.2,59.8,8.8
2013,북창원,19.8,10.1,14.6,1.6,3.1,0.0,58.4,9.8
2013,산청,19.5,8.1,13.4,1.9,3.4,0.0,62.8,11.3
2013,상주,18.4,7.5,12.5,1.7,2.6,0.0,64.7,10.9
2013,서귀포,21.0,14.4,17.5,2.4,3.0,0.0,69.7,6.6
2013,서산,17.0,7.1,11.8,2.1,2.8,0.1,80.8,9.9
2013,서울,17.0,8.8,12.6,2.8,3.8,0.1,60.1,8.1
2013,성산,19.7,12.3,16.0,3.3,3.7,0.0,75.3,7.3
2013,속초,16.7,9.2,12.9,2.3,3.1,0.2,65.6,7.5
2013,수원,17.5,7.9,12.4,1.7,3.4,0.1,71.6,9.6
2013,순창군,19.2,7.8,13.1,1.7,3.6,0.1,69.4,11.5
2013,순천,18.8,7.6,12.8,1.9,3.5,0.0,69.8,11.2
2013,안동,18.8,7.0,12.5,1.6,2.7,0.0,65.5,11.7
2013,양산시,20.4,10.5,15.1,2.4,3.0,0.0,55.6,10.0
2013,양평,17.5,6.9,11.8,1.4,4.6,0.0,71.2,10.6
2013,여수,18.5,11.7,14.7,4.0,3.3,0.0,67.9,6.8
2013,영광군,18.3,8.5,12.5,2.5,3.3,0.1,71.3,9.9
2013,영덕,18.9,8.9,13.5,3.0,2.4,0.0,60.7,10.0
2013,영월,17.7,6.0,11.3,1.4,3.4,0.0,71.3,11.7
2013,영주,17.6,6.4,11.7,2.7,3.2,0.0,65.2,11.3
2013,영천,19.5,7.4,13.1,1.9,2.7,0.0,63.3,12.1
2013,완도,19.5,10.6,14.6,3.1,3.4,0.0,68.3,9.0
2013,울릉도,16.0,10.3,12.8,3.9,3.5,0.4,69.3,5.7
2013,울산,20.3,10.3,14.9,2.1,2.4,0.0,60.1,10.0
2013,울진,17.6,8.4,12.8,2.7,2.7,0.1,67.3,9.2
2013,원주,17.6,7.0,11.9,1.4,4.1,0.1,69.4,10.5
2013,의령군,19.9,7.0,12.8,1.4,2.7,0.0,75.0,12.9
2013,의성,19.6,5.5,12.0,1.3,2.3,0.0,69.2,14.1
2013,이천,17.5,6.2,11.1,1.3,3.7,0.0,65.9,11.3
2013,인제,16.7,5.8,10.7,1.9,3.6,0.0,70.4,11.0
2013,인천,15.5,8.8,11.9,3.2,3.3,0.1,77.2,6.7
2013,임실,17.7,5.7,11.3,1.5,3.8,0.0,70.6,12.0
2013,장수,17.0,5.1,10.8,1.9,4.3,0.0,73.5,11.9
2013,장흥,19.6,8.6,13.8,2.2,3.2,0.0,74.6,10.9
2013,전주,19.6,9.0,13.9,1.8,3.5,0.1,67.4,10.6
2013,정선군,16.7,5.6,10.2,1.7,3.4,0.0,69.0,11.0
2013,정읍,19.4,8.9,13.8,1.4,2.9,0.0,67.4,10.4
2013,제주,19.8,13.6,16.5,3.2,2.4,0.0,72.0,6.2
2013,제천,16.7,4.5,10.2,1.4,3.9,0.0,72.2,12.2
2013,진주,19.9,7.8,13.4,1.2,3.3,0.0,68.1,12.1
2013,창원,19.8,11.1,15.0,2.0,3.0,0.0,59.5,8.6
2013,천안,18.1,7.1,12.4,2.0,3.0,0.2,70.7,11.0
2013,철원,16.0,4.6,10.1,1.6,4.8,0.2,71.9,11.3
2013,청송군,18.0,5.3,11.1,1.4,2.4,0.0,69.5,12.8
2013,청주,18.5,8.9,13.3,1.3,3.4,0.1,65.1,9.6
2013,추풍령,17.3,6.8,11.8,2.7,2.5,0.0,67.3,10.4
2013,춘천,16.8,6.3,11.2,1.3,4.8,0.2,72.9,10.6
2013,충주,17.7,6.6,11.8,1.6,3.0,0.0,67.4,11.0
2013,태백,15.2,4.5,9.4,1.8,2.5,0.0,67.5,10.7
2013,통영,18.8,10.9,14.5,2.4,3.2,0.0,67.9,7.9
2013,파주,17.2,5.8,11.1,1.6,3.7,0.0,73.4,11.4
2013,포항,19.5,11.0,15.0,2.5,2.5,0.0,60.1,8.4
2013,함양군,19.3,6.8,11.5,1.4,3.0,0.0,73.6,12.6
2013,합천,20.3,7.6,13.4,1.3,3.5,0.0,64.9,12.7
2013,해남,19.4,8.7,12.8,2.1,3.0,0.0,71.6,10.7
2013,홍천,17.5,5.7,10.9,1.2,3.6,0.0,69.6,11.8
2013,흑산도,16.9,11.4,13.8,5.2,3.0,0.1,78.7,5.5
2014,강릉,18.0,9.9,13.8,2.3,3.8,0.0,57.2,8.1
2014,강진군,19.2,8.9,13.6,2.3,4.1,0.0,71.7,10.3
2014,강화,17.0,7.0,11.8,2.0,1.7,0.0,72.2,10.0
2014,거제,19.7,10.9,14.9,1.8,6.2,0.0,62.4,8.8
2014,거창,18.6,6.3,12.0,1.6,3.4,0.1,65.8,12.3
2014,경주시,19.3,7.6,12.9,2.3,3.5,0.1,65.4,11.7
2014,고산,16.5,8.8,11.9,4.8,4.2,0.3,77.6,7.8
2014,고산(제주),18.5,13.1,15.6,6.4,3.5,0.0,76.8,5.5
2014,고창,18.2,8.4,13.0,2.5,3.5,0.2,79.2,9.9
2014,고창군,19.6,9.2,14.0,1.7,3.7,0.0,70.4,10.4
2014,고흥,19.5,9.1,14.1,1.8,5.1,0.0,72.6,10.4
2014,광양시,19.6,11.0,14.9,2.1,4.1,0.0,71.1,8.6
2014,광주,19.7,10.0,14.3,1.9,3.5,0.1,64.9,9.7
2014,구미,19.5,8.4,13.6,1.6,3.4,0.0,64.3,11.1
2014,군산,18.1,9.0,13.1,2.1,3.1,0.2,81.6,9.2
2014,금산,18.7,6.5,12.1,1.2,3.1,0.0,69.6,12.3
2014,김해시,20.1,10.7,14.5,2.0,4.5,0.0,59.3,9.4
2014,남원,18.7,7.7,12.8,1.8,3.5,0.0,68.2,11.1
2014,남해,19.8,10.6,14.4,1.3,5.6,0.0,66.2,9.1
2014,대관령,13.1,2.4,7.7,3.2,3.6,0.6,71.9,10.7
2014,대구,20.3,10.5,15.0,1.9,2.9,0.0,57.3,9.8
2014,대전,18.9,8.8,13.5,1.5,3.1,0.1,72.4,10.1
2014,동두천,18.7,7.0,12.2,1.6,2.0,0.0,64.2,11.7
2014,동해,17.6,9.4,13.1,2.6,3.9,0.0,62.3,8.2
2014,목포,18.1,10.7,14.0,2.9,3.0,0.2,84.5,7.5
2014,문경,18.3,7.0,12.3,1.8,2.8,0.0,61.0,11.3
2014,밀양,20.8,8.4,14.0,1.4,3.3,0.0,62.8,12.4
2014,백령도,14.9,9.1,11.6,4.2,1.1,0.1,69.0,5.8
2014,보령,17.6,8.9,13.0,1.9,2.8,0.2,75.6,8.7
2014,보성군,19.5,9.3,14.2,2.7,4.4,0.0,65.9,10.2
2014,보은,18.2,5.9,11.6,1.3,3.0,0.0,72.4,12.3
2014,봉화,16.9,3.7,9.6,1.5,2.7,0.0,68.9,13.2
2014,부산,19.3,12.0,15.1,3.2,4.6,0.0,66.4,7.3
2014,부안,18.4,8.6,13.1,1.7,3.3,0.0,71.0,9.8
2014,부여,18.9,7.7,12.8,1.3,3.1,0.0,75.3,11.2
2014,북강릉,17.2,8.6,12.9,2.0,3.7,0.8,60.1,8.5
2014,북창원,19.7,10.1,14.1,1.5,4.2,0.0,65.8,9.6
2014,산청,19.1,7.9,13.0,1.6,4.2,0.0,63.8,11.2
2014,상주,18.6,7.7,12.7,1.5,3.2,0.0,62.0,10.9
2014,서귀포,20.5,14.1,17.0,2.4,6.8,0.0,70.6,6.4
2014,서산,17.8,7.6,12.4,1.9,2.7,0.2,78.0,10.3
2014,서울,18.3,9.4,13.4,2.7,2.2,0.1,62.9,9.0
2014,성산,19.2,12.2,15.7,3.1,6.1,0.0,74.7,7.0
2014,속초,17.2,9.3,13.2,2.2,3.0,0.5,68.0,7.8
2014,수원,18.6,8.5,13.1,1.8,2.8,0.1,67.9,10.1
2014,순창군,19.5,7.9,12.9,1.6,4.0,0.0,70.2,11.6
2014,순천,18.8,7.4,12.7,1.8,5.2,0.1,70.1,11.4
2014,안동,18.8,7.1,12.5,1.6,2.6,0.1,63.0,11.7
2014,양산시,20.2,10.1,14.7,2.4,4.8,0.0,62.4,10.0
2014,양평,18.5,7.3,12.5,1.4,2.2,0.0,69.1,11.2
2014,여수,18.2,11.9,14.8,3.9,4.3,0.0,59.2,6.2
2014,영광군,18.6,8.5,12.9,2.3,3.9,0.0,74.2,10.1
2014,영덕,18.2,8.4,13.0,2.9,3.4,0.0,63.4,9.8
2014,영월,18.7,6.2,11.9,1.4,2.4,0.0,68.0,12.6
2014,영주,18.1,6.4,12.0,2.5,3.2,0.0,64.8,11.8
2014,영천,19.2,7.2,12.9,1.7,3.3,0.0,65.6,12.0
2014,완도,19.1,10.6,14.5,3.1,5.1,0.1,69.1,8.4
2014,울릉도,16.0,10.3,12.8,3.8,4.2,0.9,66.5,5.6
2014,울산,19.7,10.6,14.8,2.2,3.8,0.1,64.4,9.1
2014,울진,17.4,8.6,12.9,2.7,3.5,0.2,68.2,8.8
2014,원주,18.7,7.7,12.8,1.4,2.2,0.1,66.9,10.9
2014,의령군,19.1,6.6,11.9,1.2,3.8,0.0,73.4,12.5
2014,의성,19.4,5.2,11.7,1.2,2.4,0.0,68.2,14.3
2014,이천,18.4,6.4,12.0,1.3,2.2,0.0,62.8,12.0
2014,인제,17.5,5.9,11.1,1.8,1.9,0.0,66.4,11.7
2014,인천,16.6,9.6,12.8,3.1,2.2,0.0,77.7,7.0
2014,임실,18.2,5.8,11.5,1.3,3.7,0.0,71.6,12.3
2014,장수,17.4,5.4,11.1,1.7,3.6,0.0,76.4,12.0
2014,장흥,19.5,8.6,13.8,2.0,4.2,0.0,75.8,10.9
2014,전주,19.8,9.1,14.0,1.4,3.3,0.1,67.8,10.8
2014,정선군,17.4,5.8,10.5,1.6,2.4,0.0,64.9,11.6
2014,정읍,19.4,9.0,13.5,1.4,3.5,0.0,68.8,10.3
2014,제주,19.1,13.6,16.3,3.2,4.3,0.0,70.1,5.5
2014,제천,17.4,4.6,10.6,1.5,2.5,0.0,68.9,12.8
2014,진도군,21.5,13.5,17.4,2.1,4.3,0.0,82.0,8.1
2014,진주,19.6,7.8,13.3,1.1,4.5,0.0,68.4,11.7
2014,창원,19.6,11.2,14.9,1.8,4.2,0.0,61.9,8.5
2014,천안,18.8,7.6,12.8,1.9,2.8,0.1,66.9,11.2
2014,철원,17.3,5.2,11.0,1.6,1.9,0.1,67.3,12.2
2014,청송군,18.1,5.2,11.0,1.2,2.5,0.0,65.4,12.9
2014,청주,19.2,9.4,13.9,1.4,2.5,0.1,62.5,9.8
2014,추풍령,17.4,6.6,11.8,2.6,3.1,0.0,66.0,10.8
2014,춘천,18.1,7.1,12.2,1.4,1.8,0.1,70.4,11.0
2014,충주,18.4,6.9,12.3,1.6,2.5,0.0,64.7,11.5
2014,태백,15.2,4.3,9.4,1.7,3.2,0.0,68.3,10.9
2014,통영,19.0,11.2,14.7,2.3,4.6,0.0,70.5,7.8
2014,파주,17.9,5.9,11.4,1.6,1.8,0.0,67.6,12.0
2014,포항,18.7,11.0,14.6,2.7,3.7,0.1,64.4,7.7
2014,함양군,19.3,6.8,12.6,1.2,3.6,0.0,75.3,12.5
2014,합천,20.0,7.5,13.1,1.3,3.5,0.0,65.0,12.5
2014,해남,19.1,8.8,13.8,2.1,3.2,0.0,72.8,10.3
2014,홍천,18.7,6.2,11.8,1.1,1.9,0.0,65.1,12.5
2014,흑산도,17.1,12.0,14.1,5.2,3.3,0.0,76.4,5.1
2015,강릉,18.3,10.1,14.0,2.3,2.9,0.0,56.7,8.2
2015,강진군,19.4,9.4,14.0,2.4,3.4,0.0,73.9,10.0
2015,강화,17.2,7.2,12.1,2.1,1.8,0.0,66.2,10.0
2015,거제,19.8,11.0,15.0,1.8,4.9,0.0,63.1,8.8
2015,거창,18.8,7.0,12.5,1.5,2.8,0.0,71.3,11.8
2015,경주시,19.8,8.2,12.7,2.3,2.7,0.0,68.2,11.6
2015,고산,16.6,8.7,11.4,4.7,4.0,0.0,77.1,7.9
2015,고산(제주),18.6,13.2,15.3,6.1,4.2,0.0,77.7,5.4
2015,고창,18.8,8.9,13.5,2.5,2.6,0.1,80.4,9.9
2015,고창군,19.5,9.3,14.0,1.6,2.6,0.0,71.8,10.2
2015,고흥,19.5,9.4,14.2,1.7,3.8,0.0,76.5,10.1
2015,광양시,20.3,11.5,15.5,1.9,3.3,0.0,70.8,8.8
2015,광주,19.9,10.5,14.7,1.6,2.9,0.1,69.0,9.4
2015,구미,19.8,9.1,14.1,1.5,2.1,0.0,68.1,10.7
2015,군산,18.2,9.4,13.4,2.1,2.5,0.0,81.7,8.8
2015,금산,18.9,7.1,12.3,1.2,2.4,0.0,72.6,11.8
2015,김해시,20.7,11.2,15.0,2.0,2.8,0.0,60.4,9.5
2015,남원,18.8,7.8,12.6,1.7,2.4,0.0,67.6,11.0
2015,남해,19.7,10.7,14.8,1.3,4.9,0.0,66.3,9.0
2015,대관령,13.5,2.8,8.1,3.3,2.7,0.0,72.4,10.7
2015,대구,20.1,10.2,14.8,2.0,2.5,0.0,64.4,9.9
2015,대전,19.5,9.3,14.0,1.5,2.3,0.0,69.8,10.2
2015,동두천,19.1,7.2,12.5,1.6,2.7,0.0,61.7,11.9
2015,동해,18.0,10.1,13.9,2.5,2.5,0.0,62.9,7.9
2015,목포,18.7,11.1,14.5,3.0,2.9,0.0,79.6,7.6
2015,문경,18.4,7.3,12.5,1.8,2.1,0.0,59.8,11.1
2015,밀양,20.6,8.7,14.3,1.2,2.6,0.0,67.4,11.9
2015,백령도,15.1,9.4,12.0,4.0,1.6,0.0,68.6,5.7
2015,보령,18.1,9.3,13.4,1.7,2.2,0.0,76.7,8.8
2015,보성군,19.7,10.0,13.8,2.7,3.3,0.0,65.4,9.8
2015,보은,18.6,6.4,12.1,1.4,2.2,0.0,69.7,12.2
2015,봉화,17.4,4.2,10.4,1.4,1.6,0.0,69.3,13.2
2015,부산,19.6,12.3,15.5,3.1,3.8,0.0,67.2,7.3
2015,부안,18.7,9.3,13.6,1.7,2.5,0.0,71.5,9.5
2015,부여,19.1,7.8,13.0,1.3,2.3,0.0,75.5,11.3
2015,북강릉,17.6,8.8,13.1,1.9,2.8,0.1,59.5,8.8
2015,북창원,19.9,10.2,14.6,1.3,3.0,0.0,68.9,9.7
2015,산청,19.3,8.5,13.4,1.6,3.8,0.0,64.0,10.8
2015,상주,19.5,8.8,13.7,1.5,2.2,0.0,61.7,10.8
2015,서귀포,20.1,13.9,16.8,2.1,7.2,0.0,72.4,6.2
2015,서산,18.1,7.9,12.8,2.0,2.2,0.1,77.7,10.2
2015,서울,18.7,9.4,13.6,2.7,2.2,0.0,59.8,9.4
2015,성산,19.3,12.3,15.8,2.9,7.0,0.0,75.5,7.1
2015,속초,16.7,8.8,12.7,2.1,3.1,0.0,67.0,7.9
2015,수원,19.1,8.9,13.6,1.8,2.1,0.1,67.7,10.2
2015,순창군,19.6,8.0,12.4,1.6,2.9,0.0,72.0,11.5
2015,순천,19.3,8.2,13.0,1.7,3.6,0.0,70.5,11.2
2015,안동,19.1,7.6,13.0,1.7,2.1,0.0,63.5,11.5
2015,양산시,20.5,10.4,15.0,2.4,3.4,0.0,62.9,10.0
2015,양평,18.9,7.7,12.9,1.5,2.2,0.0,66.7,11.2
2015,여수,18.3,12.1,14.9,3.8,3.4,0.0,60.2,6.2
2015,영광군,18.9,8.9,13.5,2.3,2.6,0.0,73.7,10.0
2015,영덕,19.0,8.8,13.5,2.9,2.2,0.0,63.0,10.2
2015,영월,19.0,6.8,12.1,1.4,1.9,0.0,68.3,12.2
2015,영주,18.6,6.9,12.6,2.5,2.1,0.0,66.1,11.7
2015,영천,19.8,7.9,13.2,1.8,2.3,0.0,65.6,11.9
2015,완도,19.0,11.0,14.3,2.8,4.5,0.0,74.8,8.0
2015,울릉도,16.3,10.6,13.2,3.7,3.8,0.3,67.8,5.7
2015,울산,19.9,10.9,15.0,2.2,2.9,0.0,64.9,9.1
2015,울진,17.7,8.9,13.2,2.7,2.2,0.0,68.3,8.9
2015,원주,19.1,8.6,13.6,1.4,2.5,0.0,65.6,10.5
2015,의령군,19.7,7.4,12.9,1.1,3.0,0.0,76.0,12.3
2015,의성,19.6,5.8,12.2,1.2,1.6,0.0,69.0,13.9
2015,이천,18.8,6.9,12.5,1.4,2.3,0.0,62.3,11.9
2015,인제,17.7,5.8,11.2,1.8,2.1,0.0,67.4,11.9
2015,인천,17.0,10.0,13.2,3.1,1.8,0.0,78.7,7.1
2015,임실,18.7,6.5,12.1,1.3,2.3,0.0,71.7,12.2
2015,장수,18.0,6.0,11.5,1.7,2.8,0.0,74.3,12.0
2015,장흥,19.6,8.9,14.0,1.9,3.2,0.0,74.2,10.6
2015,전주,19.6,9.7,14.3,1.5,2.2,0.1,69.7,9.9
2015,정선군,17.9,6.4,11.2,1.7,2.0,0.0,63.7,11.5
2015,정읍,19.7,9.6,14.2,1.4,2.7,0.0,74.5,10.1
2015,제주,19.9,14.1,16.8,3.0,4.7,0.0,70.9,5.8
2015,제천,17.9,5.2,10.8,1.5,2.2,0.0,67.7,12.7
2015,진도군,18.5,9.9,13.8,2.3,3.6,0.0,79.1,8.6
2015,진주,19.7,8.1,13.5,1.1,3.6,0.0,68.0,11.6
2015,창원,19.5,10.9,14.7,1.7,3.0,0.0,65.4,8.6
2015,천안,18.8,8.0,13.1,1.9,2.0,0.0,71.6,10.9
2015,철원,17.5,5.3,10.9,1.6,3.0,0.0,66.3,12.3
2015,청송군,18.4,5.3,11.0,1.2,1.9,0.0,68.4,13.1
2015,청주,19.2,9.6,14.1,1.5,2.1,0.0,59.0,9.6
2015,추풍령,17.7,7.0,12.2,2.6,2.3,0.0,66.1,10.7
2015,춘천,18.5,7.3,12.6,1.4,2.1,0.1,69.7,11.1
2015,충주,18.8,7.3,12.7,1.5,2.0,0.0,63.3,11.5
2015,태백,15.5,4.8,9.8,1.6,2.4,0.0,66.2,10.6
2015,통영,19.3,11.4,14.9,2.3,4.0,0.0,73.4,7.9
2015,파주,18.2,6.0,11.7,1.6,2.0,0.0,65.8,12.2
2015,포항,19.0,11.3,14.9,2.7,2.5,0.0,65.1,7.7
2015,함양군,19.7,7.5,12.1,1.1,2.7,0.0,74.8,12.1
2015,합천,20.1,7.9,13.5,1.2,2.9,0.0,66.3,12.2
2015,해남,19.3,9.0,13.3,2.0,3.2,0.0,77.6,10.3
2015,홍성,10.0,1.9,5.7,1.3,3.8,0.0,84.5,8.1
2015,홍천,19.1,6.6,12.2,1.2,2.0,0.0,64.6,12.5
2015,흑산도,16.7,11.4,13.7,4.9,3.0,0.0,80.5,5.3
2016,강릉,18.2,10.0,13.8,2.3,3.4,0.0,57.3,8.1
2016,강진군,19.6,10.0,14.4,2.3,4.4,0.0,75.8,9.6
2016,강화,17.2,7.4,12.2,2.0,3.0,0.0,64.3,9.8
2016,거제,20.1,11.8,14.6,1.8,6.2,0.0,70.5,8.4
2016,거창,19.1,7.4,12.8,1.3,3.4,0.0,71.9,11.8
2016,경주시,19.9,9.0,13.2,2.3,3.4,0.0,66.9,10.9
2016,고산,17.1,9.4,12.4,4.8,4.0,0.0,79.2,7.7
2016,고산(제주),19.2,13.8,16.2,6.3,3.5,0.0,78.4,5.4
2016,고창,19.1,9.7,13.8,2.7,3.0,0.0,81.5,9.5
2016,고창군,19.8,9.7,14.4,1.7,3.1,0.0,74.4,10.1
2016,고흥,19.3,9.7,14.2,1.4,4.5,0.0,77.5,9.6
2016,광양시,20.1,11.5,15.4,1.9,4.4,0.0,73.9,8.6
2016,광주,20.1,11.0,15.1,1.6,4.0,0.2,71.9,9.1
2016,구미,19.5,9.4,13.9,1.2,3.3,0.0,71.0,10.2
2016,군산,18.6,9.8,13.8,2.1,3.1,0.0,81.7,8.8
2016,금산,19.0,7.3,12.7,1.2,3.6,0.0,71.6,11.7
2016,김해시,20.7,11.4,15.4,2.1,4.5,0.0,66.4,9.2
2016,남원,19.4,8.5,13.5,1.7,3.8,0.0,67.6,10.9
2016,남해,20.0,11.2,14.8,1.3,6.6,0.0,67.7,8.8
2016,대관령,13.5,2.9,7.8,3.4,3.2,0.0,72.7,10.6
2016,대구,19.8,10.1,14.6,2.1,3.4,0.0,63.7,9.7
2016,대전,19.4,9.4,14.1,1.5,3.4,0.0,69.8,10.0
2016,동두천,19.3,7.4,12.7,1.6,3.0,0.0,60.9,11.9
2016,동해,18.1,10.6,14.2,2.0,2.5,0.0,67.0,7.4
2016,목포,18.8,11.5,14.8,3.1,3.8,0.1,81.9,7.3
2016,문경,18.1,7.3,12.0,1.8,3.3,0.0,59.8,10.7
2016,밀양,20.9,9.5,14.5,1.0,4.3,0.0,68.0,11.4
2016,백령도,15.0,9.5,12.0,3.8,2.0,0.1,72.1,5.5
2016,보령,18.3,9.5,13.6,1.5,2.2,0.0,78.2,8.7
2016,보성군,19.7,10.2,14.7,2.4,4.4,0.0,69.7,9.6
2016,보은,18.8,6.7,12.3,1.4,3.5,0.0,68.5,12.1
2016,봉화,17.6,4.8,10.6,1.4,2.9,0.0,67.1,12.7
2016,부산,19.9,12.6,15.7,3.1,4.8,0.0,66.0,7.3
2016,부안,19.0,9.5,13.8,1.7,2.9,0.0,71.9,9.5
2016,부여,19.5,8.2,13.3,1.3,3.1,0.0,74.1,11.3
2016,북강릉,17.4,9.1,13.2,1.7,3.3,0.3,67.0,8.2
2016,북창원,20.0,10.7,14.6,1.4,5.4,0.0,68.3,9.2
2016,북춘천,12.5,1.1,6.3,0.9,2.3,0.0,73.0,11.4
2016,산청,19.6,9.0,13.8,1.7,4.2,0.0,63.8,10.6
2016,상주,19.6,9.1,13.9,1.5,3.1,0.0,62.4,10.5
2016,서귀포,20.1,14.3,17.0,1.7,6.0,0.0,75.6,5.8
2016,서산,18.2,8.2,13.0,2.0,2.5,0.1,81.3,10.1
2016,서울,18.6,9.4,13.6,2.3,2.7,0.0,59.1,9.1
2016,성산,19.8,13.1,16.3,3.0,6.2,0.0,76.3,6.7
2016,속초,16.9,9.0,12.8,1.9,3.6,0.0,68.2,7.8
2016,수원,19.1,9.0,13.6,1.8,2.8,0.0,67.6,10.1
2016,순창군,18.8,7.6,12.4,1.7,4.1,0.0,72.6,11.2
2016,순천,19.7,9.0,13.9,1.7,4.4,0.0,68.1,10.8
2016,안동,19.2,8.0,13.2,1.7,2.6,0.0,64.3,11.2
2016,양산시,20.7,10.8,15.0,2.3,5.4,0.0,65.9,9.9
2016,양평,18.9,7.9,13.0,1.5,2.6,0.0,65.7,11.0
2016,여수,18.6,12.6,15.3,3.9,4.4,0.0,62.3,6.1
2016,영광군,18.8,9.3,13.7,2.3,3.3,0.0,73.6,9.6
2016,영덕,19.1,9.3,13.5,2.8,3.0,0.0,63.8,9.8
2016,영월,18.6,7.1,12.1,1.1,2.6,0.0,67.8,11.5
2016,영주,18.2,6.9,12.3,2.5,3.5,0.0,65.1,11.3
2016,영천,20.0,8.5,13.6,1.8,3.2,0.0,65.8,11.4
2016,완도,19.2,11.6,14.8,2.5,4.4,0.0,80.4,7.6
2016,울릉도,16.3,10.8,13.2,4.0,5.6,0.9,69.7,5.5
2016,울산,19.4,10.8,14.9,2.1,4.6,0.0,69.9,8.6
2016,울진,17.7,9.2,13.3,2.5,3.3,0.0,69.7,8.6
2016,원주,18.5,8.8,13.4,1.1,2.4,0.0,60.7,9.7
2016,의령군,19.9,8.0,12.7,1.1,4.0,0.0,75.4,12.0
2016,의성,20.0,6.5,12.8,1.2,2.8,0.0,70.4,13.5
2016,이천,19.0,7.3,12.7,1.3,2.4,0.0,62.6,11.8
2016,인제,17.4,6.1,11.2,1.8,3.2,0.0,64.9,11.3
2016,인천,17.1,10.1,13.3,3.1,2.4,0.0,75.6,7.1
2016,임실,19.1,7.0,12.5,1.3,3.6,0.0,72.3,12.1
2016,장수,18.0,6.1,11.7,1.7,4.1,0.0,74.1,11.9
2016,장흥,19.6,9.5,14.3,1.8,4.1,0.0,75.9,10.1
2016,전주,19.4,10.2,14.4,1.8,3.1,0.1,72.1,9.2
2016,정선군,17.9,6.5,11.3,1.5,3.2,0.0,64.2,11.4
2016,정읍,19.8,9.7,14.3,1.4,3.5,0.0,72.1,10.0
2016,제주,20.2,14.4,17.0,3.1,3.9,0.1,71.8,5.8
2016,제천,17.9,5.5,11.3,1.4,3.0,0.0,67.5,12.4
2016,진도군,18.7,10.5,14.5,2.5,4.3,0.0,79.7,8.2
2016,진주,19.9,8.6,13.8,1.1,4.7,0.0,66.3,11.3
2016,창원,19.6,11.1,14.9,1.6,5.2,0.0,67.3,8.6
2016,천안,18.6,7.4,12.7,1.5,2.7,0.0,69.7,11.2
2016,철원,17.5,5.5,11.3,1.5,3.2,0.0,67.2,12.0
2016,청송군,18.6,6.0,11.8,1.3,2.8,0.0,68.2,12.6
2016,청주,18.9,9.5,13.9,1.5,2.6,0.1,58.8,9.4
2016,추풍령,17.9,7.5,12.2,2.6,3.1,0.0,65.5,10.4
2016,춘천,18.2,7.4,12.5,1.3,3.6,0.0,70.8,10.8
2016,충주,19.1,7.5,12.9,1.5,2.5,0.0,63.7,11.5
2016,태백,15.3,4.8,9.8,1.6,3.1,0.0,69.2,10.5
2016,통영,19.5,12.0,15.4,2.3,5.4,0.0,71.0,7.6
2016,파주,18.2,6.3,11.4,1.6,3.2,0.0,67.9,11.9
2016,포항,19.2,11.7,15.2,2.6,4.1,0.0,64.8,7.5
2016,함양군,20.0,8.1,13.6,1.2,3.1,0.0,73.3,11.9
2016,합천,20.4,8.5,13.8,1.1,4.1,0.0,66.5,11.9
2016,해남,19.4,9.1,14.0,2.2,3.7,0.0,75.6,10.3
2016,홍성,18.8,8.2,12.9,1.6,2.1,0.0,76.7,10.6
2016,홍천,18.9,6.9,12.3,1.2,2.6,0.0,65.4,12.0
2016,흑산도,16.9,11.3,13.7,5.0,3.2,0.0,86.2,5.6
2017,강릉,18.4,10.0,14.0,2.5,3.0,0.0,52.2,8.4
2017,강진군,19.7,8.7,11.5,2.3,2.3,0.0,70.0,11.0
2017,강화,16.6,6.7,11.6,2.1,2.2,0.0,65.1,9.9
2017,거제,20.2,11.0,15.3,1.8,3.9,0.0,68.4,9.2
2017,거창,19.4,6.1,12.3,1.4,2.1,0.0,67.5,13.3
2017,경주시,19.3,7.9,12.7,2.4,1.6,0.0,64.0,11.3
2017,고산,17.5,9.1,11.8,4.6,2.2,0.0,72.0,8.4
2017,고산(제주),19.1,13.5,15.7,6.5,2.4,0.0,76.9,5.7
2017,고창,18.8,8.2,12.9,2.5,2.5,0.0,80.8,10.6
2017,고창군,19.4,8.3,13.5,1.6,2.9,0.0,73.9,11.1
2017,고흥,19.5,8.4,13.8,1.5,3.1,0.0,70.5,11.1
2017,광양시,20.1,10.7,13.9,1.9,2.3,0.0,67.4,9.5
2017,광주,20.1,10.2,14.7,1.6,2.6,0.1,68.8,9.9
2017,구미,19.7,8.5,13.8,1.2,1.9,0.0,67.0,11.2
2017,군산,18.3,8.9,12.6,2.2,2.1,0.0,74.9,9.4
2017,금산,18.6,6.1,11.9,1.3,2.7,0.0,68.4,12.5
2017,김해시,20.2,10.2,14.3,2.2,2.1,0.0,62.3,10.1
2017,남원,19.2,7.2,12.5,1.6,2.3,0.0,64.8,12.0
2017,남해,20.3,10.4,14.9,1.3,3.2,0.0,65.9,9.8
2017,대관령,12.5,2.1,7.3,3.5,2.8,0.0,71.4,10.4
2017,대구,20.1,9.4,14.4,2.2,1.8,0.0,58.4,10.7
2017,대전,19.0,8.6,13.5,1.5,3.1,0.1,68.1,10.4
2017,동두천,18.6,6.4,11.9,1.7,2.7,0.0,60.6,12.2
2017,동해,18.1,10.3,14.1,2.1,2.7,0.0,62.1,7.8
2017,목포,18.6,10.8,14.3,3.5,2.0,0.1,81.2,7.7
2017,문경,18.6,7.1,11.8,2.0,3.5,0.0,56.1,11.5
2017,밀양,21.2,8.1,14.3,1.1,1.5,0.0,61.1,13.1
2017,백령도,15.1,9.4,11.9,3.9,0.9,0.1,71.5,5.7
2017,보령,17.5,8.5,12.8,1.5,2.3,0.0,78.7,9.0
2017,보성군,19.9,8.9,14.2,1.7,2.5,0.0,67.5,11.0
2017,보은,18.5,5.6,11.6,1.4,3.6,0.0,67.6,12.9
2017,봉화,17.5,3.9,10.4,1.5,2.2,0.0,66.1,13.5
2017,부산,19.6,11.7,15.3,3.2,2.8,0.0,60.3,7.9
2017,부안,18.8,8.7,12.6,1.7,2.5,0.0,69.7,10.1
2017,부여,19.0,7.0,12.6,1.3,3.0,0.0,71.0,11.9
2017,북강릉,17.4,8.9,13.1,1.8,3.2,0.2,62.8,8.5
2017,북창원,20.3,10.1,14.8,1.4,2.6,0.0,62.7,10.2
2017,북춘천,18.1,5.4,11.4,1.3,3.1,0.1,66.3,12.8
2017,산청,19.9,7.9,13.4,1.7,2.1,0.0,64.3,12.0
2017,상주,19.4,8.2,13.4,1.7,2.6,0.0,59.2,11.2
2017,서귀포,20.3,14.1,17.0,1.8,3.7,0.0,72.3,6.3
2017,서산,17.4,7.2,11.7,2.0,2.3,0.0,77.6,10.2
2017,서울,17.8,8.8,13.1,2.1,3.4,0.1,57.7,9.0
2017,성산,19.9,12.3,16.0,3.1,5.3,0.0,70.8,7.6
2017,속초,17.4,8.9,13.2,1.8,3.3,0.0,61.7,8.5
2017,수원,18.4,7.8,12.7,1.8,3.6,0.1,67.5,10.6
2017,순창군,18.5,6.4,10.9,1.7,2.8,0.0,69.1,12.0
2017,순천,19.4,7.1,12.8,1.8,2.4,0.0,69.7,12.2
2017,안동,19.1,7.1,12.7,1.7,2.6,0.0,62.6,12.0
2017,양산시,21.1,10.1,15.2,2.3,2.0,0.0,65.1,11.0
2017,양평,18.1,6.8,11.7,1.6,3.3,0.0,62.6,11.3
2017,여수,18.8,11.9,15.0,3.9,2.8,0.0,63.4,6.9
2017,영광군,18.6,8.1,12.6,2.2,2.3,0.0,71.5,10.5
2017,영덕,19.3,8.9,13.1,2.8,2.4,0.0,58.9,10.5
2017,영월,18.0,6.3,11.7,1.1,2.7,0.0,66.9,11.7
2017,영주,17.7,6.0,11.7,2.7,2.9,0.0,61.5,11.7
2017,영천,20.2,7.6,13.6,1.9,2.0,0.0,58.6,12.6
2017,완도,19.6,11.1,15.0,2.4,2.6,0.0,75.1,8.6
2017,울릉도,16.2,10.6,13.1,3.9,3.2,0.9,64.8,5.6
2017,울산,19.4,10.2,14.6,2.2,1.8,0.0,63.9,9.2
2017,울진,18.0,8.8,13.3,2.5,2.3,0.0,64.1,9.2
2017,원주,17.4,7.4,12.1,1.0,2.9,0.0,59.4,10.0
2017,의령군,21.0,7.5,13.7,1.2,2.4,0.0,68.7,13.5
2017,의성,19.9,5.1,12.0,1.2,1.9,0.0,63.9,14.9
2017,이천,18.3,6.0,11.5,1.4,2.8,0.0,62.1,12.3
2017,인제,16.9,5.2,10.6,1.7,3.3,0.0,62.0,11.6
2017,인천,16.4,9.4,12.6,3.1,2.8,0.1,65.9,7.0
2017,임실,18.6,5.7,11.4,1.2,2.6,0.0,70.6,12.9
2017,장수,17.5,4.9,10.9,1.7,3.1,0.0,71.3,12.7
2017,장흥,19.9,8.3,13.9,1.8,2.7,0.0,72.5,11.6
2017,전주,19.0,9.2,13.7,1.7,2.6,0.0,69.9,9.8
2017,정선군,17.4,5.6,10.8,1.7,2.7,0.0,63.2,11.8
2017,정읍,18.9,8.2,13.1,1.5,2.6,0.0,73.1,10.7
2017,제주,20.1,14.0,16.8,3.1,2.1,0.0,67.4,6.1
2017,제천,17.3,4.4,10.6,1.5,2.9,0.0,66.4,12.9
2017,진도군,18.6,9.4,11.8,2.4,2.1,0.0,72.6,9.3
2017,진주,20.4,7.5,13.6,1.2,2.1,0.0,61.1,12.8
2017,창원,20.1,10.6,14.9,1.6,2.4,0.0,63.3,9.5
2017,천안,18.0,6.1,11.9,1.4,3.6,0.0,64.1,11.9
2017,철원,16.8,4.6,10.6,1.5,3.4,0.0,65.6,12.3
2017,청송군,18.5,5.1,11.2,1.4,2.1,0.0,66.0,13.5
2017,청주,18.7,9.0,13.5,1.6,3.6,0.1,57.5,9.7
2017,추풍령,17.7,6.7,12.0,2.8,2.5,0.0,62.7,11.1
2017,춘천,17.7,6.5,11.8,1.4,3.3,0.0,70.3,11.2
2017,충주,18.4,6.4,12.1,1.5,2.9,0.0,63.1,11.9
2017,태백,14.6,4.0,9.1,1.5,2.6,0.0,65.3,10.6
2017,통영,19.5,11.2,15.0,2.4,3.4,0.0,69.5,8.3
2017,파주,17.2,4.8,9.4,1.4,2.6,0.0,70.0,12.4
2017,포항,19.4,11.2,15.1,2.7,1.8,0.0,60.4,8.2
2017,함양군,20.0,6.6,12.9,1.4,1.7,0.0,71.2,13.4
2017,합천,20.8,7.2,13.5,1.2,2.1,0.0,61.3,13.5
2017,해남,19.6,7.7,13.2,2.1,2.0,0.0,70.0,11.9
2017,홍성,18.2,7.4,12.0,1.6,2.8,0.0,74.8,10.8
2017,홍천,18.0,5.7,11.3,1.2,3.3,0.0,64.7,12.3
2017,흑산도,17.2,10.9,13.5,5.0,2.0,0.0,86.4,6.3
2018,강릉,18.1,9.8,13.8,2.4,4.4,0.0,55.7,8.3
2018,강진군,19.6,9.3,13.8,2.4,4.5,0.0,71.5,10.2
2018,강화,16.4,6.6,11.4,2.0,2.9,0.0,66.0,9.8
2018,거제,19.9,11.0,14.7,1.8,6.9,0.0,72.2,8.8
2018,거창,19.2,6.3,12.0,1.3,3.3,0.0,70.4,12.9
2018,경주시,19.8,8.1,13.5,2.4,3.6,0.0,69.2,11.6
2018,고산,17.2,9.2,11.7,4.3,3.8,0.0,75.6,8.0
2018,고산(제주),19.2,13.6,15.8,5.9,3.7,0.0,79.1,5.6
2018,고창,18.8,8.6,13.0,2.7,3.6,0.0,79.3,10.3
2018,고창군,18.8,8.0,12.6,2.0,3.6,0.0,72.7,10.8
2018,고흥,19.2,8.6,13.7,1.3,4.0,0.0,73.8,10.5
2018,광양시,19.8,10.7,13.5,1.8,4.6,0.0,64.1,9.0
2018,광주,20.1,10.4,14.7,1.6,3.9,0.1,70.5,9.7
2018,구미,19.4,8.6,13.6,1.1,3.9,0.0,70.1,10.8
2018,군산,18.2,9.0,13.3,1.9,4.5,0.0,75.3,9.1
2018,금산,18.7,6.2,12.0,1.3,3.8,0.0,68.3,12.5
2018,김해시,20.3,10.6,14.9,2.1,4.0,0.0,65.4,9.7
2018,남원,19.3,7.8,13.1,1.7,3.9,0.0,66.8,11.5
2018,남해,19.7,10.4,14.7,1.3,6.0,0.0,68.2,9.3
2018,대관령,12.6,2.1,7.3,3.5,4.7,0.0,71.8,10.5
2018,대구,19.7,9.3,14.2,2.2,3.6,0.0,58.7,10.3
2018,대전,19.1,8.9,13.6,1.5,4.2,0.1,69.0,10.2
2018,동두천,18.4,6.5,11.8,1.6,4.1,0.0,61.0,11.9
2018,동해,17.1,9.5,13.2,2.1,3.9,0.0,63.0,7.6
2018,목포,18.5,11.2,14.5,3.4,3.7,0.2,75.4,7.4
2018,문경,18.5,7.1,12.4,2.0,3.7,0.0,56.6,11.4
2018,밀양,20.4,8.3,13.9,1.1,3.7,0.0,65.7,12.1
2018,백령도,14.2,8.4,11.1,3.9,2.3,0.1,73.9,5.8
2018,보령,17.7,8.8,13.0,1.5,3.7,0.0,75.6,8.8
2018,보성군,19.5,9.2,13.8,1.8,3.9,0.0,70.6,10.3
2018,보은,18.6,5.8,11.7,1.3,3.9,0.0,70.5,12.8
2018,봉화,17.5,4.1,10.4,1.5,3.5,0.0,66.8,13.4
2018,부산,19.3,11.9,15.1,3.2,4.9,0.0,63.1,7.4
2018,부안,18.9,8.9,13.4,1.7,3.7,0.0,71.1,10.0
2018,부여,19.2,7.3,12.0,1.3,4.0,0.0,70.8,11.8
2018,북강릉,17.0,8.5,12.8,1.8,4.2,0.1,61.3,8.4
2018,북창원,19.9,10.0,13.9,1.4,4.5,0.0,65.2,9.8
2018,북춘천,17.9,5.4,11.2,1.4,3.5,0.1,65.5,12.6
2018,산청,19.5,7.8,12.5,1.7,4.4,0.0,68.1,11.7
2018,상주,19.2,8.0,13.2,1.6,3.7,0.0,61.6,11.1
2018,서귀포,20.0,13.9,16.5,1.8,5.9,0.0,78.5,6.1
2018,서산,17.4,7.0,11.4,1.9,3.4,0.0,72.1,10.4
2018,서울,18.0,8.9,13.0,1.7,3.5,0.1,57.5,9.1
2018,성산,19.3,12.4,15.7,3.2,5.9,0.0,73.9,6.9
2018,속초,17.0,8.6,12.7,1.8,4.9,0.0,61.7,8.4
2018,수원,18.6,8.0,12.8,1.8,3.5,0.1,67.5,10.6
2018,순창군,19.3,7.4,12.0,1.4,4.2,0.0,73.0,11.8
2018,순천,18.9,7.4,11.8,1.8,4.2,0.0,74.6,11.5
2018,안동,19.0,7.3,12.8,1.7,3.0,0.1,65.0,11.7
2018,양산시,20.6,10.1,14.9,2.3,4.4,0.0,67.8,10.5
2018,양평,18.3,6.9,12.2,1.5,3.7,0.0,63.2,11.4
2018,여수,18.5,12.1,15.0,3.9,4.3,0.0,68.1,6.4
2018,영광군,18.7,8.4,12.6,2.1,3.8,0.0,73.3,10.3
2018,영덕,19.0,8.7,13.5,2.9,3.7,0.0,61.3,10.3
2018,영월,18.1,6.2,11.6,1.1,3.7,0.0,68.2,11.9
2018,영주,17.6,6.0,11.6,2.4,4.4,0.0,62.1,11.6
2018,영천,19.8,7.6,13.4,1.8,3.2,0.0,61.4,12.2
2018,완도,19.3,11.2,14.6,2.4,3.9,0.0,73.7,8.1
2018,울릉도,16.0,10.6,13.0,4.1,4.3,0.9,67.2,5.5
2018,울산,19.1,10.3,14.4,2.2,3.9,0.0,66.3,8.8
2018,울진,17.9,8.7,12.7,2.6,3.9,0.0,64.7,9.2
2018,원주,17.8,7.7,12.5,1.1,3.4,0.0,60.0,10.0
2018,의령군,20.4,7.7,13.2,1.2,4.3,0.0,69.8,12.7
2018,의성,20.2,5.8,12.5,1.3,3.0,0.0,64.7,14.4
2018,이천,18.4,6.0,11.8,1.4,3.9,0.0,64.6,12.3
2018,인제,16.5,4.8,10.2,1.8,3.3,0.0,65.4,11.7
2018,인천,16.3,9.3,12.6,3.0,3.1,0.0,65.2,7.0
2018,임실,18.9,6.1,12.0,1.2,4.0,0.0,71.4,12.8
2018,장수,17.8,5.3,10.9,1.7,4.6,0.0,70.2,12.4
2018,장흥,19.5,8.6,13.5,1.8,3.9,0.0,74.3,10.9
2018,전주,19.4,9.5,14.0,1.7,3.7,0.1,74.1,9.8
2018,정선군,17.3,5.5,10.6,1.7,3.9,0.0,64.6,11.8
2018,정읍,18.8,8.4,13.2,1.6,3.6,0.0,78.2,10.4
2018,제주,19.9,14.0,16.7,3.1,4.8,0.1,71.1,5.9
2018,제천,17.5,4.6,10.2,1.7,3.9,0.0,66.8,12.9
2018,진도군,18.6,9.8,14.2,2.4,4.4,0.0,75.5,8.7
2018,진주,19.8,7.8,12.8,1.1,4.4,0.0,64.7,12.1
2018,창원,19.2,10.2,14.3,1.7,4.1,0.0,67.5,9.0
2018,천안,18.1,6.3,11.9,1.5,3.2,0.0,65.2,11.8
2018,철원,16.8,4.7,10.5,1.7,4.1,0.0,69.1,12.2
2018,청송군,18.2,5.4,11.3,1.4,3.1,0.0,68.6,12.8
2018,청주,18.7,9.1,13.6,1.7,3.8,0.1,60.2,9.6
2018,추풍령,17.6,6.6,12.0,2.7,3.6,0.0,63.6,11.0
2018,춘천,17.6,6.5,11.7,1.5,3.8,0.0,69.1,11.2
2018,충주,18.4,6.5,11.7,1.5,3.7,0.0,65.2,11.9
2018,태백,14.9,4.2,9.4,1.6,4.1,0.0,66.9,10.6
2018,통영,19.2,11.3,14.5,2.3,5.8,0.0,70.1,8.0
2018,파주,17.2,5.0,10.2,1.5,2.8,0.0,72.8,12.1
2018,포항,19.1,11.1,14.9,2.8,3.5,0.0,63.6,8.0
2018,함양군,19.7,6.8,12.8,1.2,4.6,0.0,75.9,12.9
2018,합천,20.4,7.4,13.4,1.3,4.1,0.0,65.7,13.0
2018,해남,19.1,7.9,13.0,2.0,3.6,0.0,74.6,11.2
2018,홍성,17.8,7.4,12.4,1.5,3.6,0.1,78.3,10.5
2018,홍천,18.1,5.7,11.0,1.2,3.7,0.0,67.0,12.4
2018,흑산도,17.3,11.5,13.9,5.1,4.2,0.1,81.3,5.8
2019,강릉,19.5,10.8,14.8,2.4,4.6,0.0,56.4,8.7
2019,강진군,19.9,9.5,14.0,2.2,4.1,0.0,69.1,10.4
2019,강화,17.4,6.9,11.9,2.0,3.0,0.0,66.0,10.6
2019,거제,20.5,11.5,15.6,1.7,6.2,0.0,70.8,9.0
2019,거창,19.6,6.8,12.8,1.3,3.4,0.0,70.2,12.9
2019,경주시,20.5,8.8,14.1,2.2,3.4,0.0,68.9,11.8
2019,고산,16.2,7.7,9.4,4.6,3.6,0.0,69.0,8.5
2019,고산(제주),19.2,13.8,16.2,5.3,4.3,0.0,78.2,5.5
2019,고창,19.0,8.6,12.5,2.3,3.0,0.0,75.3,10.3
2019,고창군,19.0,8.4,12.4,1.5,3.1,0.0,71.3,10.6
2019,고흥,19.4,8.8,13.9,1.4,4.6,0.0,72.2,10.7
2019,광양시,20.5,11.2,15.4,1.7,4.3,0.0,58.7,9.3
2019,광주,20.0,10.5,14.7,1.5,3.0,0.0,69.1,9.5
2019,구미,19.9,9.2,14.2,1.0,3.1,0.0,70.5,10.8
2019,군산,18.5,9.3,13.3,1.7,2.8,0.0,74.8,9.1
2019,금산,19.2,6.6,12.4,1.2,2.7,0.0,68.7,12.6
2019,김해시,21.1,11.3,15.3,2.1,4.1,0.0,64.5,9.9
2019,남원,19.6,8.0,12.8,1.6,3.7,0.0,67.3,11.6
2019,남해,20.4,10.9,15.2,1.3,5.9,0.0,66.9,9.4
2019,대관령,13.7,2.8,8.2,2.9,3.3,0.0,74.0,10.9
2019,대구,20.4,10.0,14.9,2.0,2.7,0.0,60.7,10.4
2019,대전,19.6,9.3,14.1,1.3,2.7,0.0,68.5,10.3
2019,동두천,18.5,6.7,12.1,1.4,2.8,0.0,68.6,11.8
2019,동해,17.4,9.6,13.5,2.0,4.2,0.0,62.8,7.8
2019,목포,18.3,11.2,14.4,3.4,3.4,0.0,72.3,7.1
2019,문경,19.0,7.5,12.9,1.9,3.0,0.0,63.8,11.5
2019,밀양,20.9,8.7,14.4,1.0,3.2,0.0,64.6,12.2
2019,백령도,15.3,9.3,12.1,4.0,1.6,0.0,74.9,6.0
2019,보령,18.2,9.0,13.3,1.4,2.3,0.0,70.3,9.2
2019,보성군,19.9,9.3,14.4,3.0,4.2,0.0,70.1,10.5
2019,보은,19.1,6.2,12.2,1.3,2.9,0.0,70.6,12.9
2019,봉화,18.2,4.8,10.7,1.4,2.8,0.0,68.1,13.3
2019,부산,19.9,12.5,15.8,3.0,4.4,0.0,62.8,7.3
2019,부안,19.2,9.2,13.7,1.5,3.0,0.0,72.4,10.0
2019,부여,19.5,7.5,13.0,1.3,2.7,0.0,71.9,12.0
2019,북강릉,18.0,9.4,13.7,1.7,4.3,0.1,59.5,8.5
2019,북창원,19.8,9.8,14.0,1.3,4.6,0.0,65.3,10.0
2019,북춘천,18.4,5.9,11.8,1.2,2.6,0.0,68.5,12.5
2019,산청,20.2,8.4,13.8,1.6,4.8,0.0,67.9,11.8
2019,상주,19.2,8.4,13.5,1.4,2.9,0.0,66.7,10.9
2019,서귀포,20.6,14.4,17.3,1.7,6.1,0.0,77.8,6.1
2019,서산,18.4,6.7,11.4,1.7,2.5,0.0,71.3,11.7
2019,서울,18.6,9.3,13.6,2.0,2.4,0.0,56.8,9.3
2019,성산,19.9,12.5,16.1,3.1,7.3,0.0,70.8,7.4
2019,세종,22.4,12.9,16.7,1.1,4.5,0.0,72.9,9.5
2019,속초,18.1,9.7,13.8,1.9,3.7,0.0,60.5,8.4
2019,수원,18.9,8.3,13.3,1.8,2.5,0.0,69.5,10.6
2019,순창군,19.5,7.6,12.3,1.5,3.5,0.0,72.4,11.9
2019,순천,19.3,7.9,11.9,1.8,4.3,0.0,73.6,11.4
2019,안동,19.0,7.5,12.9,1.5,2.4,0.0,65.3,11.5
2019,양산시,21.4,10.7,15.5,2.1,4.2,0.0,67.1,10.7
2019,양평,18.8,7.5,12.2,1.3,2.8,0.0,62.2,11.3
2019,여수,19.1,12.5,15.4,3.8,4.2,0.0,67.4,6.6
2019,영광군,18.7,8.7,12.5,1.7,3.3,0.0,75.1,10.0
2019,영덕,19.6,9.6,13.7,2.4,4.0,0.0,63.5,10.0
2019,영월,18.8,6.7,12.2,1.1,2.3,0.0,67.8,12.1
2019,영주,18.2,6.4,12.1,2.4,2.7,0.0,63.2,11.7
2019,영천,20.6,8.4,14.1,1.8,2.8,0.0,61.1,12.2
2019,완도,19.5,11.3,14.1,2.3,4.6,0.0,70.3,8.2
2019,울릉도,16.9,11.2,13.8,3.8,3.7,0.2,68.2,5.7
2019,울산,19.8,10.8,15.0,2.0,4.0,0.0,66.0,9.0
2019,울진,18.7,9.7,13.6,2.4,4.3,0.0,66.2,9.1
2019,원주,18.4,8.2,13.0,1.0,2.1,0.0,59.5,10.2
2019,의령군,21.0,8.3,13.7,1.2,3.5,0.0,68.9,12.7
2019,의성,20.7,6.4,13.0,1.2,2.3,0.0,65.0,14.4
2019,이천,19.0,6.6,11.8,1.2,2.7,0.0,66.4,12.4
2019,인제,17.6,5.9,11.3,1.6,2.1,0.0,67.2,11.7
2019,인천,17.1,9.9,13.3,2.9,2.5,0.0,65.2,7.2
2019,임실,19.2,6.4,12.2,1.3,2.9,0.0,72.0,12.7
2019,장수,18.1,5.7,10.9,1.5,3.5,0.0,68.5,12.4
2019,장흥,20.1,8.8,14.2,1.8,4.2,0.0,71.9,11.2
2019,전주,19.6,9.8,14.2,1.6,2.7,0.0,74.0,9.8
2019,정선군,17.9,6.0,11.2,1.7,2.2,0.0,65.2,12.0
2019,정읍,18.9,8.6,13.3,1.2,3.4,0.0,74.3,10.3
2019,제주,20.0,14.2,16.9,3.0,5.4,0.0,69.8,5.8
2019,제천,18.2,5.0,11.2,1.5,2.3,0.0,66.6,13.2
2019,진도군,18.7,9.9,13.0,2.3,4.2,0.0,72.8,8.8
2019,진주,20.5,8.3,14.0,1.0,4.1,0.0,69.3,12.2
2019,창원,19.7,10.6,14.7,1.6,4.3,0.0,62.0,9.1
2019,천안,18.2,6.1,11.5,1.2,2.3,0.0,65.3,12.1
2019,철원,17.5,5.1,11.1,1.2,2.5,0.0,73.6,12.4
2019,청송군,18.6,5.8,11.7,1.4,2.7,0.0,75.3,12.8
2019,청주,19.4,9.7,14.3,1.3,2.3,0.0,61.0,9.6
2019,추풍령,17.9,7.1,12.5,2.6,3.2,0.0,62.5,10.8
2019,춘천,18.4,7.1,12.1,1.3,2.5,0.0,67.9,11.3
2019,충주,18.6,6.7,12.4,1.3,2.2,0.0,67.9,11.9
2019,태백,15.7,4.9,10.0,1.5,3.2,0.0,67.4,10.8
2019,통영,19.8,11.7,15.3,2.3,4.6,0.0,68.9,8.1
2019,파주,17.8,5.6,11.0,1.3,2.8,0.0,73.4,12.2
2019,포항,19.8,11.9,15.6,2.6,3.9,0.0,64.0,8.0
2019,함양군,20.1,7.3,13.3,1.2,4.0,0.0,74.3,12.8
2019,합천,20.0,6.9,12.7,1.1,3.9,0.0,62.6,13.1
2019,해남,19.1,7.8,12.9,2.0,3.3,0.0,76.1,11.3
2019,홍성,18.3,7.6,12.8,1.4,2.5,0.0,73.7,10.7
2019,홍천,19.0,6.6,12.2,1.2,2.4,0.0,67.2,12.4
2019,흑산도,17.4,11.7,12.7,4.9,3.0,0.0,77.1,5.7
2020,강릉,18.6,10.5,14.3,2.4,5.0,0.0,60.7,8.2
2020,강진군,19.5,9.6,14.2,2.2,4.5,0.0,69.3,9.9
2020,강화,16.6,7.4,11.9,1.8,3.9,0.0,71.6,9.3
2020,거제,19.1,11.1,14.5,1.6,6.8,0.0,69.5,8.0
2020,거창,19.1,6.8,12.5,1.4,4.7,0.0,71.0,12.3
2020,경주시,20.0,8.7,13.9,2.5,3.7,0.0,68.1,11.2
2020,고산(제주),19.0,13.6,16.1,6.5,3.4,0.0,79.2,5.4
2020,고창,18.7,8.9,13.0,2.6,4.2,0.0,76.5,9.7
2020,고창군,18.7,8.7,13.3,1.5,4.6,0.0,71.6,10.0
2020,고흥,19.0,8.8,13.6,1.4,4.2,0.0,73.3,10.2
2020,광양시,20.0,11.0,14.7,1.7,5.0,0.0,61.1,9.0
2020,광주,19.6,10.5,14.5,1.6,5.5,0.1,70.9,9.1
2020,구미,19.7,9.0,13.6,1.1,4.0,0.0,68.1,10.6
2020,군산,18.2,9.5,12.8,2.1,4.5,0.0,74.7,8.8
2020,금산,18.7,7.3,12.5,1.2,4.8,0.0,73.6,11.4
2020,김해시,20.2,10.6,14.8,1.9,4.7,0.0,66.0,9.6
2020,남원,19.1,8.1,12.3,1.7,5.5,0.0,72.6,11.0
2020,남해,19.4,10.6,14.6,1.4,6.2,0.0,69.2,8.8
2020,대관령,13.1,2.8,7.8,3.1,4.8,0.0,77.0,10.3
2020,대구,20.0,9.8,14.5,2.3,3.4,0.0,63.4,10.2
2020,대전,19.2,9.3,13.8,1.4,4.4,0.0,70.8,9.9
2020,동두천,18.0,6.8,11.8,1.4,4.5,0.0,72.9,11.2
2020,동해,16.9,9.3,13.0,2.1,3.6,0.0,64.3,7.6
2020,목포,17.5,11.1,14.0,3.6,3.9,0.0,74.0,6.4
2020,문경,18.0,7.5,12.5,1.8,4.6,0.0,68.5,10.5
2020,밀양,20.3,8.8,14.1,1.0,3.8,0.0,64.7,11.5
2020,백령도,15.0,9.7,12.2,4.2,3.4,0.0,76.5,5.3
2020,보령,17.7,9.1,12.8,1.5,3.6,0.0,72.5,8.6
2020,보성군,19.8,9.8,14.6,3.1,4.7,0.0,73.2,10.0
2020,보은,18.0,6.4,11.7,1.1,4.8,0.0,74.5,11.6
2020,봉화,16.9,5.4,10.8,1.3,3.5,0.0,72.9,11.6
2020,부산,19.4,12.0,15.2,3.1,6.2,0.0,63.6,7.5
2020,부안,18.5,9.4,13.5,1.6,4.6,0.0,77.8,9.1
2020,부여,18.9,7.7,12.8,1.2,4.4,0.0,75.0,11.2
2020,북강릉,17.5,8.9,13.1,1.7,4.9,0.0,61.4,8.6
2020,북창원,20.1,10.5,14.6,1.4,4.9,0.0,66.7,9.6
2020,북춘천,17.8,5.9,11.5,1.3,4.3,0.0,72.3,11.9
2020,산청,19.3,8.3,13.3,1.8,5.8,0.0,69.9,11.1
2020,상주,18.8,8.2,13.1,1.4,4.3,0.0,69.1,10.6
2020,서귀포,19.9,13.9,16.8,1.7,5.7,0.0,78.9,6.0
2020,서산,18.0,8.0,12.6,2.0,4.1,0.0,72.6,10.0
2020,서울,17.9,9.4,13.3,2.4,4.5,0.0,63.2,8.5
2020,성산,19.5,12.6,16.0,2.5,5.8,0.0,70.5,7.0
2020,세종,18.5,8.6,13.1,1.4,4.6,0.0,66.6,9.9
2020,속초,17.5,9.4,13.3,2.0,5.7,0.0,61.7,8.1
2020,수원,18.0,8.5,12.9,1.9,4.5,0.0,75.7,9.5
2020,순창군,18.9,8.0,13.0,1.7,5.8,0.0,74.5,10.9
2020,순천,18.9,8.0,12.8,2.1,5.2,0.0,73.8,10.9
2020,안동,18.6,7.3,12.6,1.6,3.3,0.0,65.9,11.3
2020,양산시,20.7,10.5,14.8,2.2,5.2,0.0,67.4,10.2
2020,양평,18.1,7.7,12.5,1.3,3.7,0.0,70.1,10.4
2020,여수,18.6,12.2,15.1,3.9,4.8,0.0,67.8,6.4
2020,영광군,18.4,9.0,13.3,1.7,4.9,0.0,75.8,9.5
2020,영덕,18.7,9.1,13.3,2.8,3.6,0.0,66.6,9.6
2020,영월,18.4,6.8,12.0,1.1,3.7,0.0,68.5,11.7
2020,영주,17.6,6.7,11.8,2.4,4.1,0.0,68.9,10.9
2020,영천,19.3,7.9,13.0,1.8,3.4,0.0,67.0,11.4
2020,완도,19.1,11.3,14.9,2.4,4.3,0.0,72.3,7.8
2020,울릉도,16.5,11.0,13.5,3.7,4.0,0.7,73.0,5.5
2020,울산,19.3,10.6,14.6,2.2,4.3,0.0,67.3,8.7
2020,울진,18.1,9.1,13.0,2.5,3.7,0.0,66.6,8.9
2020,원주,18.0,8.2,12.8,1.1,3.6,0.0,62.0,9.8
2020,의령군,20.7,8.3,12.5,1.4,4.8,0.0,68.3,12.4
2020,의성,19.5,6.1,11.9,1.1,3.1,0.0,71.1,13.4
2020,이천,18.4,7.3,12.5,1.2,4.6,0.0,72.4,11.2
2020,인제,17.3,6.2,11.0,1.5,3.9,0.0,68.7,11.1
2020,인천,16.3,9.9,12.9,3.1,3.6,0.0,66.4,6.5
2020,임실,18.0,7.0,11.8,1.1,5.1,0.0,77.1,11.0
2020,장수,17.3,6.0,11.3,1.5,5.8,0.0,78.1,11.3
2020,장흥,19.2,8.6,13.7,1.7,4.6,0.0,73.8,10.6
2020,전주,19.3,9.7,14.0,1.6,4.9,0.1,68.6,9.5
2020,정선군,17.4,6.0,10.8,1.8,3.6,0.0,73.9,11.4
2020,정읍,18.5,8.8,12.9,1.5,4.7,0.0,71.5,9.7
2020,제주,20.0,14.0,16.7,3.1,3.8,0.0,69.1,6.0
2020,제천,17.2,5.3,11.0,1.3,4.2,0.0,72.7,11.8
2020,진도군,17.8,9.4,13.2,2.5,4.1,0.0,76.7,8.4
2020,진주,20.0,8.3,13.7,0.9,5.0,0.0,71.2,11.7
2020,창원,19.3,10.5,14.4,1.6,4.6,0.0,62.4,8.8
2020,천안,18.0,7.0,12.2,1.3,3.9,0.0,74.6,11.0
2020,철원,17.0,5.4,11.0,1.3,4.8,0.0,78.2,11.5
2020,청송군,18.2,5.7,11.2,1.4,3.5,0.0,77.0,12.5
2020,청주,18.9,9.7,14.0,1.4,3.7,0.0,62.9,9.2
2020,추풍령,17.4,7.1,11.4,2.7,4.2,0.0,64.8,10.2
2020,춘천,18.0,7.2,12.2,1.4,4.2,0.0,68.6,10.9
2020,충주,18.2,6.8,12.1,1.4,4.0,0.0,70.1,11.3
2020,태백,15.0,4.9,9.6,1.5,4.2,0.0,68.3,10.2
2020,통영,19.4,11.5,15.0,2.5,5.8,0.0,72.2,7.9
2020,파주,17.4,5.8,11.2,1.4,4.4,0.0,76.0,11.5
2020,포항,19.4,11.4,15.1,2.7,3.4,0.0,63.2,7.9
2020,함양군,19.7,7.5,12.1,1.2,5.2,0.0,68.5,12.2
2020,합천,20.0,8.1,13.6,1.0,4.7,0.0,72.8,11.9
2020,해남,18.9,8.3,12.8,1.8,4.0,0.0,76.0,10.5
2020,홍성,18.1,8.0,12.8,1.5,4.4,0.0,73.8,10.0
2020,홍천,18.0,6.4,11.6,1.2,4.1,0.0,69.1,11.7
2020,흑산도,17.5,11.8,14.1,5.4,3.2,0.1,80.2,5.6
2021,강릉,19.3,10.5,14.6,2.2,3.6,0.0,62.0,8.7
2021,강진군,20.5,10.0,14.6,1.8,4.1,0.0,73.7,10.5
2021,강화,17.4,7.6,12.3,1.8,2.8,0.0,73.9,9.8
2021,거제,19.6,11.4,15.2,1.5,6.1,0.0,69.9,8.2
2021,거창,19.2,6.8,12.3,1.3,3.0,0.0,71.1,12.4
2021,경주시,19.7,8.3,13.9,2.5,3.0,0.0,69.2,11.4
2021,고산(제주),20.3,14.3,17.0,6.7,3.8,0.0,80.4,6.0
2021,고창,19.6,9.2,13.0,2.7,3.4,0.0,72.1,10.3
2021,고창군,19.6,9.1,14.0,1.5,3.2,0.0,71.1,10.5
2021,고흥,19.9,9.4,14.4,1.4,3.7,0.0,73.1,10.5
2021,광양시,20.6,11.4,15.5,1.7,3.9,0.0,65.6,9.3
2021,광주,20.4,10.9,15.1,1.3,3.6,0.1,72.6,9.5
2021,구미,20.0,9.0,14.0,0.9,3.0,0.0,65.5,11.0
2021,군산,18.9,9.8,13.7,2.0,3.2,0.0,75.1,9.1
2021,금산,19.3,7.6,12.9,1.2,3.5,0.0,74.0,11.7
2021,김해시,20.7,10.8,14.9,1.7,4.3,0.0,66.7,9.9
2021,남원,19.3,8.0,13.1,1.8,3.1,0.0,73.1,11.3
2021,남해,19.9,11.1,15.1,1.5,5.4,0.0,70.0,8.8
2021,대관령,13.3,3.0,8.0,3.0,2.8,0.0,75.7,10.3
2021,대구,20.3,9.9,14.7,2.3,2.5,0.0,65.4,10.4
2021,대전,19.7,9.6,14.3,1.5,3.0,0.1,71.9,10.1
2021,동두천,18.5,7.0,12.2,1.3,2.8,0.0,73.4,11.5
2021,동해,17.6,9.7,13.6,2.0,3.4,0.0,66.4,7.9
2021,목포,19.0,11.8,15.1,3.4,3.0,0.1,73.4,7.1
2021,문경,18.3,7.6,12.6,1.7,3.7,0.0,70.7,10.7
2021,밀양,20.7,8.9,14.5,1.0,3.3,0.0,65.1,11.8
2021,백령도,15.8,9.8,12.6,4.0,3.1,0.2,73.9,6.1
2021,보령,18.6,9.6,13.8,1.6,3.0,0.0,71.6,9.0
2021,보성군,20.5,10.0,15.0,3.0,4.7,0.0,73.9,10.5
2021,보은,18.4,6.8,12.1,1.1,3.0,0.0,75.4,11.7
2021,봉화,16.1,4.7,10.1,1.3,3.1,0.0,73.7,11.5
2021,부산,20.0,12.4,15.8,3.1,5.0,0.0,64.9,7.5
2021,부안,19.4,9.7,14.1,1.5,3.7,0.0,74.3,9.7
2021,부여,19.5,8.2,13.0,1.1,3.1,0.0,75.1,11.4
2021,북강릉,17.5,8.9,13.1,1.4,3.8,0.2,64.7,8.7
2021,북창원,21.0,11.0,15.2,1.4,4.3,0.0,68.4,9.9
2021,북춘천,18.0,6.1,11.6,1.2,2.9,0.1,73.6,11.9
2021,산청,20.0,8.4,13.6,1.7,3.1,0.0,71.0,11.6
2021,상주,19.1,8.3,13.3,1.4,3.4,0.0,71.2,10.8
2021,서귀포,20.7,14.7,17.5,1.8,5.9,0.0,76.0,6.0
2021,서산,18.8,8.4,13.2,2.0,3.3,0.0,73.5,10.4
2021,서울,18.5,9.6,13.8,2.3,3.3,0.1,65.5,8.9
2021,성산,20.4,13.4,16.8,2.8,5.7,0.0,71.8,7.0
2021,세종,19.0,8.9,13.5,1.4,3.0,0.0,66.8,10.1
2021,속초,17.4,9.3,13.3,2.0,3.3,0.0,64.5,8.2
2021,수원,18.7,8.8,13.4,1.9,3.0,0.1,71.9,9.9
2021,순창군,19.9,8.4,13.3,1.5,3.4,0.0,75.0,11.5
2021,순천,19.9,8.2,13.6,1.9,3.6,0.0,75.6,11.7
2021,안동,18.7,7.6,12.8,1.6,2.7,0.0,66.9,11.1
2021,양산시,21.1,10.8,15.5,2.2,4.7,0.0,69.6,10.4
2021,양평,18.3,8.0,12.7,1.3,2.8,0.0,71.9,10.4
2021,여수,19.3,12.8,15.7,3.9,4.3,0.0,67.3,6.5
2021,영광군,19.4,9.4,13.4,1.6,3.3,0.0,73.4,10.0
2021,영덕,18.7,8.9,13.5,2.5,3.5,0.0,69.3,9.8
2021,영월,18.6,7.0,12.2,1.1,3.0,0.0,69.4,11.6
2021,영주,17.9,6.7,12.0,2.3,3.7,0.0,71.4,11.2
2021,영천,19.5,8.0,13.3,1.6,3.0,0.0,70.0,11.5
2021,완도,20.0,11.9,15.0,2.5,4.4,0.0,72.2,8.0
2021,울릉도,16.8,11.0,13.0,3.6,4.2,0.8,75.6,5.8
2021,울산,19.6,10.8,14.9,2.0,3.7,0.0,68.3,8.8
2021,울진,18.2,9.2,13.5,2.5,3.2,0.0,69.2,9.0
2021,원주,18.3,8.2,13.0,1.0,3.0,0.0,64.5,10.0
2021,의령군,21.5,8.5,14.4,1.4,3.3,0.0,68.4,13.0
2021,의성,19.8,6.4,12.4,1.0,2.6,0.0,73.7,13.4
2021,이천,18.8,7.3,12.7,1.1,2.9,0.0,72.7,11.5
2021,인제,17.7,6.3,11.4,1.5,2.5,0.0,70.2,11.3
2021,인천,17.2,10.0,13.4,2.9,2.9,0.1,61.8,7.1
2021,임실,18.8,7.2,12.2,1.1,3.4,0.0,76.4,11.5
2021,장수,18.0,6.1,11.1,1.4,3.7,0.0,77.1,11.9
2021,장흥,20.0,9.1,14.3,1.6,4.0,0.0,75.4,10.9
2021,전주,20.0,10.2,14.6,1.6,4.1,0.1,68.3,9.8
2021,정선군,17.8,6.3,11.4,1.7,3.0,0.0,67.0,11.5
2021,정읍,19.3,9.2,13.8,1.5,3.7,0.0,71.2,10.1
2021,제주,21.0,14.7,17.5,3.3,4.5,0.1,70.6,6.4
2021,제천,17.4,5.7,10.9,1.2,3.2,0.0,73.7,11.8
2021,진도군,16.7,7.7,11.8,2.3,4.2,0.0,77.2,9.1
2021,진주,20.6,8.6,13.9,1.0,3.8,0.0,73.0,12.0
2021,창원,20.0,10.8,14.9,1.4,4.7,0.0,62.5,9.2
2021,천안,18.5,7.3,12.6,1.3,2.9,0.0,75.2,11.2
2021,철원,17.5,5.7,11.3,1.3,3.1,0.0,78.6,11.8
2021,청송군,18.7,5.8,11.6,1.9,2.7,0.0,67.9,12.9
2021,청주,19.4,10.0,14.4,1.4,2.7,0.1,62.5,9.4
2021,추풍령,17.7,7.2,12.3,2.6,3.1,0.0,66.9,10.5
2021,춘천,18.4,7.4,12.4,1.4,2.9,0.0,69.6,11.0
2021,충주,18.4,7.1,12.5,1.4,3.7,0.0,70.3,11.3
2021,태백,15.0,4.8,9.6,1.4,3.3,0.0,69.0,10.2
2021,통영,20.2,12.0,15.7,2.3,4.9,0.0,72.5,8.2
2021,파주,17.9,6.2,11.6,1.4,2.8,0.0,76.1,11.8
2021,포항,19.2,11.6,15.2,2.7,3.9,0.0,64.3,7.6
2021,함양군,19.8,7.4,13.1,1.6,2.8,0.0,66.5,12.4
2021,합천,20.5,8.5,13.9,0.9,3.1,0.0,72.5,12.0
2021,해남,19.7,8.8,14.0,2.1,3.8,0.0,76.3,10.9
2021,홍성,18.7,8.3,13.3,1.4,3.4,0.1,75.0,10.4
2021,홍천,18.2,6.6,11.8,1.1,2.6,0.0,70.1,11.6
2021,흑산도,18.8,12.8,15.3,5.1,2.5,0.1,79.7,6.0
2022,강릉,19.3,10.7,14.8,2.3,4.0,0.0,58.8,8.7
2022,강진군,20.4,9.5,14.5,1.8,2.8,0.0,70.9,10.8
2022,강화,15.9,6.3,11.0,1.9,4.3,0.0,73.3,9.6
2022,거제,19.3,11.0,14.8,1.5,3.5,0.0,66.3,8.2
2022,거창,19.7,6.3,12.6,1.4,1.8,0.0,66.9,13.4
2022,경주시,20.4,8.2,13.9,2.5,2.3,0.0,64.2,12.2
2022,고산(제주),19.4,14.0,16.4,6.6,3.4,0.0,77.4,5.5
2022,고창,19.0,8.5,13.4,2.8,2.1,0.0,69.6,10.5
2022,고창군,19.2,8.4,13.4,1.5,1.8,0.0,71.1,10.8
2022,고흥,19.4,8.8,14.0,1.6,2.5,0.0,69.2,10.5
2022,광양시,20.6,11.0,15.2,2.0,2.9,0.0,62.1,9.7
2022,광주,20.2,10.6,14.9,1.4,2.1,0.2,69.1,9.7
2022,구미,20.0,8.7,13.9,0.9,2.2,0.0,59.8,11.3
2022,군산,17.8,8.7,12.3,2.2,2.9,0.0,71.8,9.2
2022,금산,18.7,6.5,11.6,1.1,2.6,0.0,69.5,12.3
2022,김해시,20.4,10.6,14.9,1.7,2.4,0.0,62.0,9.8
2022,남원,19.2,7.4,12.9,1.6,2.2,0.0,68.8,11.8
2022,남해,19.3,10.3,14.5,1.5,3.7,0.0,65.5,8.9
2022,대관령,13.3,2.3,7.6,3.1,3.7,0.0,70.8,11.0
2022,대구,20.5,9.7,14.8,2.3,1.6,0.0,63.6,10.8
2022,대전,19.4,8.6,13.6,1.9,3.3,0.0,62.3,10.9
2022,동두천,17.9,6.3,11.2,1.2,5.3,0.0,69.9,11.6
2022,동해,17.9,9.9,13.7,2.0,3.0,0.0,63.9,7.9
2022,목포,18.3,11.2,14.4,3.7,2.0,0.1,72.0,7.1
2022,문경,18.3,7.2,12.5,1.7,2.9,0.0,66.4,11.1
2022,밀양,21.1,8.9,14.6,1.1,2.3,0.0,58.5,12.2
2022,백령도,14.8,9.2,11.8,4.3,2.8,0.1,72.5,5.6
2022,보령,17.9,8.9,13.1,1.6,3.7,0.0,70.3,9.0
2022,보성군,19.9,9.3,14.4,3.1,2.9,0.0,69.9,10.6
2022,보은,17.9,6.0,11.7,1.1,2.9,0.0,71.6,11.9
2022,봉화,17.3,5.0,10.8,1.3,2.8,0.0,70.8,12.3
2022,부산,19.8,12.1,15.4,3.2,2.7,0.0,63.7,7.7
2022,부안,18.8,9.1,13.6,1.3,2.7,0.0,73.0,9.7
2022,부여,19.1,7.4,12.8,0.9,3.6,0.0,73.0,11.7
2022,북강릉,17.6,9.0,13.2,1.4,4.2,0.0,62.0,8.6
2022,북창원,20.8,11.0,15.4,1.7,2.7,0.0,62.5,9.8
2022,북춘천,17.6,5.3,10.7,1.2,4.4,0.1,71.5,12.3
2022,산청,19.9,7.9,13.4,1.7,2.7,0.0,66.7,12.1
2022,상주,19.3,8.1,13.3,1.4,2.4,0.0,64.0,11.2
2022,서귀포,20.5,14.5,17.2,1.7,4.3,0.0,73.6,6.0
2022,서산,17.6,7.6,12.4,2.1,4.3,0.0,72.7,10.1
2022,서울,18.1,8.9,13.3,2.4,4.9,0.1,64.5,9.2
2022,서청주,19.5,7.6,13.0,1.8,3.8,0.0,69.6,11.9
2022,성산,19.7,12.9,16.2,3.2,4.3,0.0,72.4,6.9
2022,세종,18.5,8.1,12.4,1.3,3.3,0.0,63.8,10.3
2022,속초,17.2,8.8,12.9,1.9,4.5,0.0,61.8,8.3
2022,수원,18.1,8.2,12.8,1.9,5.1,0.1,68.4,9.9
2022,순창군,19.4,7.6,13.1,1.7,2.4,0.0,71.7,11.9
2022,순천,19.6,7.8,13.2,2.0,2.7,0.0,69.9,11.8
2022,안동,18.8,7.0,12.6,1.6,1.8,0.0,62.2,11.9
2022,양산시,21.3,10.6,15.1,2.2,2.6,0.0,63.4,10.7
2022,양평,17.6,7.1,11.6,1.2,5.9,0.0,68.1,10.5
2022,여수,18.8,12.2,15.2,4.0,2.9,0.0,63.1,6.6
2022,영광군,18.8,8.8,13.5,1.8,2.2,0.0,71.9,10.0
2022,영덕,19.0,8.8,13.5,2.6,2.2,0.0,64.5,10.2
2022,영월,18.4,6.1,11.7,1.0,3.5,0.0,67.1,12.3
2022,영주,17.8,6.2,11.6,2.5,3.0,0.0,67.7,11.6
2022,영천,19.6,7.5,13.3,1.7,1.9,0.0,64.4,12.1
2022,완도,19.9,11.4,14.6,2.2,1.9,0.0,68.7,8.4
2022,울릉도,16.9,11.0,13.6,3.6,3.3,0.4,74.0,5.9
2022,울산,19.6,10.6,14.7,2.1,2.5,0.0,61.4,9.0
2022,울진,18.1,9.1,13.0,2.5,3.0,0.0,64.3,9.0
2022,원주,17.8,7.7,12.5,1.1,3.8,0.0,62.5,10.1
2022,의령군,21.2,7.7,14.0,1.8,2.1,0.0,63.8,13.6
2022,의성,19.8,5.7,12.3,1.1,1.7,0.0,68.6,14.1
2022,이천,18.5,6.6,12.2,1.1,4.2,0.0,70.6,11.8
2022,인제,17.3,5.6,10.9,1.5,4.1,0.0,68.9,11.7
2022,인천,16.4,9.4,12.6,2.9,4.4,0.1,65.8,7.0
2022,임실,18.5,6.5,12.1,1.1,2.6,0.0,72.3,12.0
2022,장수,17.7,5.1,11.1,1.4,2.7,0.0,72.2,12.6
2022,장흥,19.9,8.4,13.9,1.7,2.5,0.0,71.1,11.4
2022,전주,19.5,9.6,14.1,1.6,2.9,0.1,66.1,9.9
2022,정선군,17.6,5.5,10.9,1.5,3.8,0.0,62.8,12.0
2022,정읍,18.7,8.6,13.3,1.7,2.7,0.0,69.2,10.1
2022,제주,20.5,14.2,17.1,3.4,2.9,0.0,71.2,6.4
2022,제천,17.0,4.6,10.2,1.2,4.0,0.0,72.6,12.5
2022,진도군,18.8,9.8,12.9,2.5,2.5,0.0,74.5,9.0
2022,진주,20.2,7.7,13.3,0.9,2.7,0.0,66.1,12.4
2022,창원,19.8,10.5,14.7,1.5,2.9,0.0,58.3,9.3
2022,천안,18.2,6.5,12.1,1.2,3.0,0.0,73.6,11.7
2022,철원,16.8,4.7,10.5,1.3,4.8,0.0,74.2,12.1
2022,청송군,18.9,4.8,11.3,1.8,1.7,0.0,65.0,14.2
2022,청주,19.1,9.5,14.0,1.4,3.4,0.1,59.4,9.6
2022,추풍령,17.7,6.6,12.0,2.6,2.5,0.0,63.4,11.1
2022,춘천,18.2,6.5,11.9,1.4,4.7,0.0,69.6,11.7
2022,충주,18.1,6.3,11.9,1.2,4.0,0.0,68.4,11.9
2022,태백,15.0,3.9,9.1,1.3,3.0,0.0,65.8,11.2
2022,통영,19.8,11.5,14.8,2.4,2.7,0.0,68.6,8.3
2022,파주,17.2,5.1,10.8,1.3,4.7,0.0,75.9,12.1
2022,포항,19.6,11.3,15.1,2.7,2.9,0.0,60.7,8.3
2022,함양군,20.2,7.0,13.2,1.6,2.2,0.0,63.9,13.2
2022,합천,20.6,7.9,13.8,0.9,2.2,0.0,64.5,12.6
2022,해남,19.3,8.4,12.5,2.0,2.2,0.0,74.9,10.9
2022,홍성,18.2,7.6,12.7,1.6,3.8,0.1,73.2,10.6
2022,홍천,17.7,5.8,11.2,1.0,4.7,0.0,68.7,12.0
2022,흑산도,17.4,11.7,13.7,5.5,1.8,0.0,78.9,5.7
2023,강릉,20.0,11.4,15.5,2.2,4.3,0.0,60.0,8.6
2023,강진군,20.7,10.1,15.0,1.6,5.3,0.0,75.7,10.5
2023,강화,16.9,7.7,12.2,1.8,3.8,0.0,75.9,9.2
2023,거제,19.7,11.5,15.4,1.4,7.1,0.0,71.3,8.2
2023,거창,19.6,6.8,12.7,1.3,4.5,0.0,71.6,12.9
2023,경주시,21.0,9.0,13.8,2.4,3.1,0.0,66.4,11.9
2023,고산(제주),19.4,14.2,16.7,5.8,3.8,0.0,75.8,5.2
2023,고창,18.8,8.3,12.5,2.6,3.5,0.0,70.2,10.5
2023,고창군,19.8,9.3,14.2,1.5,4.1,0.0,73.7,10.6
2023,고흥,20.0,9.7,14.6,1.4,4.7,0.0,74.9,10.3
2023,광양시,20.8,11.3,15.6,1.7,6.2,0.0,68.3,9.5
2023,광주,20.5,11.1,15.3,1.2,5.8,0.1,74.0,9.4
2023,구미,20.4,9.3,14.4,0.7,4.9,0.0,64.1,11.1
2023,군산,18.9,9.7,14.0,2.2,5.8,0.0,73.5,9.2
2023,금산,19.4,7.5,13.0,1.0,4.9,0.0,73.1,11.9
2023,김해시,21.1,11.1,15.5,1.6,5.1,0.0,67.9,10.0
2023,남원,20.0,8.6,13.5,1.6,4.9,0.0,71.4,11.3
2023,남해,20.0,11.3,15.3,1.1,7.4,0.0,70.6,8.7
2023,대관령,14.1,3.2,8.6,3.0,3.5,0.0,73.5,10.9
2023,대구,20.8,10.3,15.2,2.1,3.6,0.0,63.2,10.5
2023,대전,19.8,9.2,14.1,1.5,5.6,0.0,64.5,10.7
2023,동두천,18.5,7.4,12.2,1.1,3.9,0.0,71.7,11.1
2023,동해,18.5,10.6,14.5,1.9,3.7,0.0,65.8,7.9
2023,목포,18.9,11.6,15.0,3.5,4.3,0.1,75.2,7.2
2023,문경,19.0,8.0,13.2,1.6,5.3,0.0,69.4,11.0
2023,밀양,21.0,9.3,14.7,1.0,5.1,0.0,62.4,11.7
2023,백령도,15.6,9.9,12.6,4.0,2.6,0.1,75.2,5.7
2023,보령,18.8,9.8,14.0,1.5,4.7,0.0,71.7,9.0
2023,보성군,20.5,10.1,14.7,2.6,5.5,0.0,75.6,10.4
2023,보은,18.7,7.2,12.6,1.2,5.1,0.0,74.1,11.5
2023,봉화,18.0,6.1,11.6,1.2,5.0,0.0,73.0,11.8
2023,부산,20.3,12.5,16.1,3.2,6.0,0.0,62.6,7.8
2023,부안,19.6,10.0,14.4,1.5,5.1,0.0,74.8,9.6
2023,부여,20.0,8.5,13.7,1.1,5.9,0.0,74.8,11.5
2023,북강릉,18.3,9.8,14.0,1.4,4.5,0.1,63.4,8.5
2023,북부산,21.1,10.8,15.7,2.0,5.6,0.0,68.2,10.3
2023,북창원,21.3,11.8,16.1,1.5,5.7,0.0,67.7,9.6
2023,북춘천,18.3,6.5,12.0,1.1,3.7,0.1,73.9,11.8
2023,산청,20.3,8.6,13.9,1.6,5.3,0.0,71.8,11.7
2023,상주,19.9,8.8,13.9,1.2,4.6,0.0,67.3,11.1
2023,서귀포,20.9,14.9,17.7,1.7,6.1,0.0,73.0,6.0
2023,서산,18.5,8.7,13.4,2.0,4.2,0.0,73.3,9.9
2023,서울,18.8,10.1,14.1,2.2,4.4,0.1,66.7,8.7
2023,서청주,19.2,7.6,13.2,1.6,4.8,0.0,71.3,11.6
2023,성산,20.4,13.3,16.8,3.0,5.8,0.0,75.7,7.1
2023,세종,18.8,8.5,13.3,1.4,5.8,0.0,68.8,10.3
2023,속초,17.9,9.6,13.1,1.8,4.8,0.0,63.1,8.3
2023,수원,18.7,8.8,13.4,1.9,3.9,0.1,69.4,9.9
2023,순창군,20.0,8.5,13.8,1.5,5.7,0.0,74.5,11.5
2023,순천,19.8,8.2,13.2,1.8,5.9,0.0,75.9,11.6
2023,안동,19.4,7.8,13.4,1.5,4.2,0.0,67.8,11.6
2023,양산시,21.8,11.3,15.7,2.0,6.0,0.0,68.1,10.5
2023,양평,18.7,8.3,13.1,1.2,4.2,0.0,69.0,10.4
2023,여수,19.2,12.6,15.3,3.6,5.3,0.0,68.4,6.6
2023,영광군,19.4,9.2,13.2,1.6,4.1,0.0,73.8,10.2
2023,영덕,19.1,9.5,14.1,2.4,3.4,0.0,67.3,9.6
2023,영월,19.1,7.1,12.2,1.0,4.1,0.0,68.6,11.9
2023,영주,18.4,6.9,12.4,2.2,6.1,0.0,71.4,11.5
2023,영천,20.1,8.4,13.9,1.6,3.6,0.0,68.8,11.7
2023,완도,20.3,11.9,14.7,1.9,4.7,0.0,73.6,8.4
2023,울릉도,17.9,12.0,14.7,3.9,4.2,0.6,74.2,5.9
2023,울산,19.9,10.9,15.1,2.2,4.5,0.0,63.9,9.0
2023,울진,18.7,9.9,14.1,2.4,3.6,0.0,66.1,8.8
2023,원주,18.7,8.7,13.2,1.0,3.8,0.0,63.8,10.0
2023,의령군,20.2,7.8,13.4,1.6,5.4,0.0,67.2,12.5
2023,의성,20.4,6.8,12.7,1.0,4.3,0.0,72.8,13.6
2023,이천,19.1,7.7,13.1,1.0,4.5,0.0,73.0,11.4
2023,인제,18.2,6.6,11.8,1.3,3.4,0.0,71.1,11.6
2023,인천,17.2,10.2,13.5,2.6,3.6,0.0,68.7,6.9
2023,임실,19.3,7.8,13.2,1.1,5.4,0.0,74.8,11.5
2023,장수,18.4,6.3,12.0,1.4,5.9,0.0,75.1,12.0
2023,장흥,20.4,9.1,14.2,1.5,5.4,0.0,76.7,11.3
2023,전주,20.2,10.4,14.9,1.5,5.4,0.0,68.0,9.8
2023,정선군,17.3,4.4,10.2,1.3,3.8,0.0,64.0,12.9
2023,정읍,19.7,9.6,14.3,1.5,5.3,0.0,70.1,10.1
2023,제주,21.1,14.5,16.5,3.2,4.0,0.1,68.6,6.6
2023,제천,17.7,5.8,11.5,1.2,4.8,0.0,74.5,11.9
2023,진도군,19.4,10.2,14.0,2.4,4.2,0.0,77.1,9.1
2023,진주,20.8,8.9,14.4,0.9,6.3,0.0,72.3,11.9
2023,창원,20.2,11.0,15.2,1.4,5.9,0.0,64.0,9.2
2023,천안,19.0,7.7,13.1,1.2,4.1,0.0,73.3,11.3
2023,철원,17.6,5.9,11.5,1.2,4.0,0.0,74.5,11.7
2023,청송군,19.6,5.8,12.1,1.6,4.1,0.0,69.3,13.7
2023,청주,19.9,10.5,14.9,1.3,4.9,0.0,60.6,9.4
2023,추풍령,18.4,7.4,12.8,2.3,4.3,0.0,67.0,11.0
2023,춘천,18.5,7.1,12.4,1.4,3.8,0.0,68.7,11.3
2023,충주,19.0,7.5,12.9,1.2,4.6,0.0,69.3,11.5
2023,태백,15.9,4.7,9.8,1.3,4.2,0.0,67.1,11.2
2023,통영,19.5,11.3,15.0,2.4,5.8,0.0,70.4,8.2
2023,파주,17.8,6.5,11.8,1.3,3.9,0.0,77.9,11.4
2023,포항,19.9,12.0,15.7,2.8,3.0,0.0,60.5,7.9
2023,함양군,20.7,7.7,13.2,1.5,4.7,0.0,69.3,13.0
2023,합천,21.0,8.9,14.4,0.8,4.9,0.0,68.6,12.1
2023,해남,20.1,9.6,13.9,1.9,4.5,0.0,78.0,10.5
2023,홍성,19.0,8.8,13.7,1.6,4.3,0.1,74.5,10.3
2023,홍천,18.5,7.0,12.1,0.9,3.8,0.0,70.9,11.5
2023,흑산도,17.7,11.9,14.4,5.2,3.7,0.0,81.5,5.8
2024,강릉,19.5,11.6,15.0,2.1,3.8,0.0,64.3,7.9
2024,강진군,21.2,11.2,14.8,1.6,5.0,0.0,77.6,10.0
2024,강화,17.7,8.5,12.7,1.9,3.7,0.0,74.3,9.2
2024,거제,20.3,12.2,16.0,1.4,6.0,0.0,71.9,8.1
2024,거창,20.1,8.1,13.6,1.2,3.3,0.0,74.3,12.0
2024,경주시,21.2,9.6,14.9,2.4,3.0,0.0,66.6,11.7
2024,고산(제주),20.0,15.0,17.3,6.1,3.9,0.0,76.8,5.0
2024,고창,19.2,9.6,14.0,2.6,3.2,0.0,76.5,9.7
2024,고창군,20.5,10.3,15.0,1.5,3.1,0.0,75.8,10.2
2024,고흥,21.4,11.0,15.9,1.6,4.6,0.0,74.8,10.4
2024,광양시,21.4,12.1,15.9,1.8,5.5,0.0,69.3,9.2
2024,광주,20.9,12.0,16.0,1.3,3.5,0.1,75.2,9.0
2024,구미,20.6,10.4,15.2,0.8,2.7,0.0,65.3,10.2
2024,군산,19.4,10.8,14.8,2.2,4.0,0.0,76.5,8.6
2024,금산,20.1,8.9,14.1,1.1,3.9,0.0,74.6,11.2
2024,김해시,21.7,12.0,15.8,1.6,4.7,0.0,69.2,9.7
2024,남원,20.5,9.9,14.8,1.7,3.9,0.0,73.7,10.7
2024,남해,20.5,12.2,15.7,1.6,6.5,0.0,71.4,8.3
2024,대관령,14.1,3.8,8.9,2.7,3.2,0.0,76.7,10.3
2024,대구,20.9,11.3,15.8,2.2,3.2,0.0,64.7,9.6
2024,대전,20.3,10.4,14.9,1.8,3.7,0.0,68.0,10.0
2024,동두천,19.2,8.4,12.6,1.1,3.2,0.0,73.3,10.9
2024,동해,19.1,10.9,14.1,2.2,3.5,0.0,67.8,8.2
2024,목포,19.5,12.7,15.8,3.4,3.5,0.0,77.2,6.8
2024,문경,19.4,9.1,14.0,1.3,3.8,0.0,72.1,10.3
2024,밀양,21.9,10.8,15.8,1.0,3.3,0.0,62.6,11.1
2024,백령도,16.4,10.6,13.2,3.9,2.3,0.1,70.7,5.8
2024,보령,19.8,10.6,14.8,1.9,4.1,0.0,74.5,9.2
2024,보성군,21.0,11.2,15.8,2.2,5.3,0.0,77.9,9.8
2024,보은,19.2,8.5,12.8,1.2,3.4,0.0,75.1,10.7
2024,봉화,18.3,7.3,12.2,1.2,3.4,0.0,73.9,11.0
2024,부산,20.9,13.4,16.7,3.3,5.3,0.0,66.1,7.5
2024,부안,20.2,11.0,15.1,1.4,3.2,0.0,76.3,9.2
2024,부여,20.3,9.5,14.4,1.0,3.6,0.0,77.0,10.9
2024,북강릉,18.5,10.3,14.2,1.2,4.0,0.3,67.0,8.2
2024,북부산,21.1,11.0,16.0,2.2,4.4,0.0,68.6,10.1
2024,북창원,22.1,12.8,16.9,1.5,5.1,0.0,68.1,9.3
2024,북춘천,19.1,7.5,12.9,1.2,3.2,0.1,71.1,11.6
2024,산청,20.8,9.8,14.8,1.5,4.1,0.0,73.7,11.0
2024,상주,20.1,9.9,14.6,1.2,4.0,0.0,70.0,10.2
2024,서귀포,21.7,15.5,18.4,1.9,6.1,0.0,71.6,6.2
2024,서산,19.2,9.6,14.1,2.0,4.9,0.0,75.3,9.5
2024,서울,19.5,11.0,14.9,2.2,3.6,0.2,65.9,8.6
2024,서청주,19.4,8.6,13.0,1.6,4.1,0.0,72.9,10.8
2024,성산,20.9,14.1,17.4,3.1,6.7,0.0,77.1,6.7
2024,세종,19.8,10.1,14.5,1.4,4.0,0.0,72.2,9.8
2024,속초,18.1,10.3,13.5,2.2,3.4,0.0,65.8,7.8
2024,수원,19.2,9.7,14.1,1.9,3.8,0.2,68.9,9.5
2024,순창군,20.6,9.7,14.7,1.6,3.8,0.0,72.1,10.8
2024,순천,19.7,8.9,13.9,1.7,5.4,0.0,78.1,10.8
2024,안동,20.0,9.1,14.2,1.5,2.9,0.0,70.9,10.9
2024,양산시,22.3,12.3,16.8,2.1,4.6,0.0,69.4,10.1
2024,양평,19.2,9.4,13.9,1.2,3.7,0.0,70.3,9.8
2024,여수,19.8,13.4,16.3,4.0,4.7,0.0,69.4,6.3
2024,영광군,20.0,10.6,15.0,1.6,2.9,0.0,76.3,9.4
2024,영덕,19.2,9.8,13.9,2.7,2.3,0.0,69.7,9.4
2024,영월,19.6,8.3,13.4,1.0,3.6,0.0,70.1,11.3
2024,영주,18.9,8.3,13.4,2.2,3.8,0.0,73.0,10.6
2024,영천,20.5,9.6,14.7,1.6,3.1,0.0,70.8,11.0
2024,완도,20.2,11.5,13.8,2.5,5.4,0.0,73.8,8.7
2024,울릉도,17.7,12.2,14.4,4.2,5.3,0.5,77.7,5.5
2024,울산,20.2,11.6,15.6,2.2,3.5,0.0,67.0,8.6
2024,울진,18.9,10.5,14.5,2.4,2.8,0.0,69.9,8.4
2024,원주,19.6,10.1,14.6,1.0,3.8,0.0,65.4,9.4
2024,의령군,21.9,9.7,15.3,1.6,4.1,0.0,72.8,12.2
2024,의성,20.9,8.1,14.0,1.0,2.7,0.0,74.7,12.8
2024,이천,19.7,8.8,13.9,1.0,4.7,0.0,74.7,10.9
2024,인제,18.6,7.6,12.5,1.5,3.0,0.0,72.1,11.0
2024,인천,18.0,11.1,14.3,2.6,2.9,0.1,69.9,7.0
2024,임실,19.9,9.0,14.0,1.1,3.9,0.0,77.0,10.9
2024,장수,18.8,7.6,12.9,1.3,4.5,0.0,77.2,11.2
2024,장흥,20.8,10.4,15.3,1.5,5.1,0.0,77.7,10.5
2024,전주,20.8,11.6,15.8,1.5,3.7,0.0,71.1,9.2
2024,정선군,19.4,6.6,12.0,1.3,3.5,0.0,67.3,12.9
2024,정읍,20.7,10.7,15.2,1.8,3.4,0.0,73.9,10.1
2024,제주,21.4,15.4,18.2,3.3,4.4,0.0,67.3,6.0
2024,제천,18.3,7.1,12.4,1.2,3.9,0.0,75.8,11.1
2024,진도군,20.0,11.4,15.5,2.3,4.7,0.0,78.5,8.6
2024,진주,21.3,9.8,15.1,0.8,5.1,0.0,74.4,11.4
2024,창원,21.1,12.3,16.2,1.7,5.5,0.0,67.4,8.7
2024,천안,19.4,8.8,13.6,1.2,4.0,0.0,74.5,10.6
2024,철원,18.4,6.9,12.3,1.3,4.5,0.0,74.9,11.5
2024,청송군,20.0,7.2,13.0,1.7,2.6,0.0,71.1,12.8
2024,청주,20.4,11.5,15.3,1.4,4.2,0.0,62.4,8.9
2024,추풍령,18.8,8.7,13.5,2.4,3.4,0.0,69.9,10.1
2024,춘천,18.8,7.8,12.5,1.3,3.3,0.0,67.4,11.0
2024,충주,19.6,8.8,13.8,1.3,4.0,0.0,70.8,10.8
2024,태백,16.6,5.6,10.7,1.4,3.6,0.0,70.0,11.0
2024,통영,20.6,12.3,15.5,1.6,5.3,0.0,70.8,8.3
2024,파주,18.3,7.0,11.9,1.3,4.0,0.0,77.3,11.3
2024,포항,20.1,12.7,16.2,2.8,3.0,0.0,63.9,7.4
2024,함양군,20.3,8.6,14.0,1.5,3.3,0.0,71.6,11.6
2024,합천,21.6,10.2,15.4,0.8,3.5,0.0,69.8,11.4
2024,해남,20.7,10.9,15.6,2.0,4.1,0.0,79.3,9.8
2024,홍성,19.5,9.8,14.4,1.6,4.7,0.0,77.5,9.8
2024,홍천,19.1,8.0,13.0,0.9,3.4,0.0,71.8,11.1
2024,흑산도,19.3,13.3,15.8,5.6,3.0,0.0,79.2,6.0
